,Unnamed: 0,Comments_youtube,Comments_tokens,comments_tokens_fdist,Comments_stopword,Comments_normalized,Comments_tokens_stemmed
0,0,nah dapet juga akhirnya,"['nah', 'dapet', 'juga', 'akhirnya']",<FreqDist with 4 samples and 4 outcomes>,['dapet'],['dapat'],['dapat']
1,1,senang lihat klu perusuh teroris tertangkap smg rekannya yg lain cepat tertangkap bravo tnipolri semoga selalu dalam lindungan allah swt aamiin yra,"['senang', 'lihat', 'klu', 'perusuh', 'teroris', 'tertangkap', 'smg', 'rekannya', 'yg', 'lain', 'cepat', 'tertangkap', 'bravo', 'tnipolri', 'semoga', 'selalu', 'dalam', 'lindungan', 'allah', 'swt', 'aamiin', 'yra']",<FreqDist with 21 samples and 22 outcomes>,"['senang', 'lihat', 'klu', 'perusuh', 'teroris', 'tertangkap', 'smg', 'rekannya', 'cepat', 'tertangkap', 'bravo', 'tnipolri', 'semoga', 'lindungan', 'allah', 'swt', 'aamiin', 'yra']","['senang', 'lihat', 'kalau', 'perusuh', 'teroris', 'tertangkap', 'smg', 'rekannya', 'cepat', 'tertangkap', 'selamat', 'tnipolri', 'semoga', 'lindungan', 'allah', 'swt', 'aamiin', 'yra']","['senang', 'lihat', 'kalau', 'rusuh', 'teroris', 'tangkap', 'smg', 'rekan', 'cepat', 'tangkap', 'selamat', 'tnipolri', 'moga', 'lindung', 'allah', 'swt', 'aamiin', 'yra']"
2,2,jangan bilang kalau di lamban itu melanggar ham tp lihat apa yang dia lakukan terhadap suster surter yang gak bersalah,"['jangan', 'bilang', 'kalau', 'di', 'lamban', 'itu', 'melanggar', 'ham', 'tp', 'lihat', 'apa', 'yang', 'dia', 'lakukan', 'terhadap', 'suster', 'surter', 'yang', 'gak', 'bersalah']",<FreqDist with 19 samples and 20 outcomes>,"['lamban', 'melanggar', 'ham', 'lihat', 'lakukan', 'suster', 'surter', 'bersalah']","['lamban', 'melanggar', 'ham', 'lihat', 'lakukan', 'suster', 'surter', 'bersalah']","['lamban', 'langgar', 'ham', 'lihat', 'laku', 'suster', 'surter', 'salah']"
3,3,terbangkan dan curah dari ketinggian kaki bravo tnipolri bravo pak kapolda,"['terbangkan', 'dan', 'curah', 'dari', 'ketinggian', 'kaki', 'bravo', 'tnipolri', 'bravo', 'pak', 'kapolda']",<FreqDist with 10 samples and 11 outcomes>,"['terbangkan', 'curah', 'ketinggian', 'kaki', 'bravo', 'tnipolri', 'bravo', 'kapolda']","['terbangkan', 'curah', 'ketinggian', 'kaki', 'selamat', 'tnipolri', 'selamat', 'kapolda']","['terbang', 'curah', 'tinggi', 'kaki', 'selamat', 'tnipolri', 'selamat', 'kapolda']"
4,4,bravo tnipolrituntas habis pangacau sudah bnyak nywa tni kita melayang waktunya pembalasan,"['bravo', 'tnipolrituntas', 'habis', 'pangacau', 'sudah', 'bnyak', 'nywa', 'tni', 'kita', 'melayang', 'waktunya', 'pembalasan']",<FreqDist with 12 samples and 12 outcomes>,"['bravo', 'habis', 'pangacau', 'bnyak', 'nywa', 'tni', 'melayang', 'pembalasan']","['selamat', 'habis', 'pangacau', 'banyak', 'nyawa', 'tni', 'melayang', 'pembalasan']","['selamat', 'habis', 'pangacau', 'banyak', 'nyawa', 'tni', 'layang', 'balas']"
5,5,introgasi dulu setelahnya tembak di tempat saja bravo tni polri,"['introgasi', 'dulu', 'setelahnya', 'tembak', 'di', 'tempat', 'saja', 'bravo', 'tni', 'polri']",<FreqDist with 10 samples and 10 outcomes>,"['introgasi', 'setelahnya', 'tembak', 'bravo', 'tni', 'polri']","['introgasi', 'setelahnya', 'tembak', 'selamat', 'tni', 'polri']","['introgasi', 'telah', 'tembak', 'selamat', 'tni', 'polri']"
6,6,jangan beri ampung allah melundungi mu tni ku,"['jangan', 'beri', 'ampung', 'allah', 'melundungi', 'mu', 'tni', 'ku']",<FreqDist with 8 samples and 8 outcomes>,"['allah', 'melundungi', 'tni']","['allah', 'melundungi', 'tni']","['allah', 'melundungi', 'tni']"
7,7,jadikan umpan toman aja,"['jadikan', 'umpan', 'toman', 'aja']",<FreqDist with 4 samples and 4 outcomes>,"['jadikan', 'umpan', 'toman', 'aja']","['jadikan', 'umpan', 'teman', 'saja']","['jadi', 'umpan', 'teman', 'saja']"
8,8,semangat pak kapolda hbisi teroris yg meresahkan masyarakat,"['semangat', 'pak', 'kapolda', 'hbisi', 'teroris', 'yg', 'meresahkan', 'masyarakat']",<FreqDist with 8 samples and 8 outcomes>,"['semangat', 'kapolda', 'hbisi', 'teroris', 'meresahkan', 'masyarakat']","['semangat', 'kapolda', 'habisi', 'teroris', 'meresahkan', 'masyarakat']","['semangat', 'kapolda', 'habis', 'teroris', 'resah', 'masyarakat']"
9,9,semoga anak buah kakak moro dan kawan bisa ciptakan kedamaian di papua nkri harga mati,"['semoga', 'anak', 'buah', 'kakak', 'moro', 'dan', 'kawan', 'bisa', 'ciptakan', 'kedamaian', 'di', 'papua', 'nkri', 'harga', 'mati']",<FreqDist with 15 samples and 15 outcomes>,"['semoga', 'anak', 'buah', 'kakak', 'kawan', 'ciptakan', 'kedamaian', 'papua', 'nkri', 'harga', 'mati']","['semoga', 'anak', 'buah', 'kakak', 'kawan', 'ciptakan', 'kedamaian', 'papua', 'nkri', 'harga', 'mati']","['moga', 'anak', 'buah', 'kakak', 'kawan', 'cipta', 'damai', 'papua', 'nkri', 'harga', 'mati']"
10,10,salut untuk anggota tnipolri masih bisa nahan sabar,"['salut', 'untuk', 'anggota', 'tnipolri', 'masih', 'bisa', 'nahan', 'sabar']",<FreqDist with 8 samples and 8 outcomes>,"['salut', 'anggota', 'tnipolri', 'nahan', 'sabar']","['salut', 'anggota', 'tnipolri', 'tahan', 'sabar']","['salut', 'anggota', 'tnipolri', 'tahan', 'sabar']"
11,11,kandangin ama singa lapar buaya biar tau rasa,"['kandangin', 'ama', 'singa', 'lapar', 'buaya', 'biar', 'tau', 'rasa']",<FreqDist with 8 samples and 8 outcomes>,"['kandangin', 'ama', 'singa', 'lapar', 'buaya']","['kandangin', 'sama', 'singa', 'lapar', 'buaya']","['kandangin', 'sama', 'singa', 'lapar', 'buaya']"
12,12,mantaap,['mantaap'],<FreqDist with 1 samples and 1 outcomes>,['mantaap'],['mantap'],['mantap']
13,13,langsung exsekusi suruh bariss di lapangan tembak buat latihan,"['langsung', 'exsekusi', 'suruh', 'bariss', 'di', 'lapangan', 'tembak', 'buat', 'latihan']",<FreqDist with 9 samples and 9 outcomes>,"['langsung', 'exsekusi', 'suruh', 'bariss', 'lapangan', 'tembak', 'latihan']","['langsung', 'eksekusi', 'suruh', 'baris', 'lapangan', 'tembak', 'latihan']","['langsung', 'eksekusi', 'suruh', 'baris', 'lapang', 'tembak', 'latih']"
14,14,min tolong up berita ribuan cpmi mangkrak yg hampir th tidak ada kepastian,"['min', 'tolong', 'up', 'berita', 'ribuan', 'cpmi', 'mangkrak', 'yg', 'hampir', 'th', 'tidak', 'ada', 'kepastian']",<FreqDist with 13 samples and 13 outcomes>,"['tolong', 'berita', 'ribuan', 'cpmi', 'mangkrak', 'kepastian']","['tolong', 'berita', 'ribuan', 'cpmi', 'mangkrak', 'kepastian']","['tolong', 'berita', 'ribu', 'cpmi', 'mangkrak', 'pasti']"
15,15,harusnya tembak seperti mereka nembak warga g bersalah paling nnt ham bilang g berperikemanusian mata di lakban lebih g berperikemanusian lagi nembak orang gak bersenjata n gak tau apa bravo tni polri,"['harusnya', 'tembak', 'seperti', 'mereka', 'nembak', 'warga', 'g', 'bersalah', 'paling', 'nnt', 'ham', 'bilang', 'g', 'berperikemanusian', 'mata', 'di', 'lakban', 'lebih', 'g', 'berperikemanusian', 'lagi', 'nembak', 'orang', 'gak', 'bersenjata', 'n', 'gak', 'tau', 'apa', 'bravo', 'tni', 'polri']",<FreqDist with 27 samples and 32 outcomes>,"['tembak', 'nembak', 'warga', 'g', 'bersalah', 'nnt', 'ham', 'g', 'berperikemanusian', 'mata', 'lakban', 'g', 'berperikemanusian', 'nembak', 'orang', 'bersenjata', 'bravo', 'tni', 'polri']","['tembak', 'tembak', 'warga', 'tidak', 'bersalah', 'nanti', 'ham', 'tidak', 'berperikemanusian', 'mata', 'lakban', 'tidak', 'berperikemanusian', 'tembak', 'orang', 'bersenjata', 'selamat', 'tni', 'polri']","['tembak', 'tembak', 'warga', 'tidak', 'salah', 'nanti', 'ham', 'tidak', 'berperikemanusian', 'mata', 'lakban', 'tidak', 'berperikemanusian', 'tembak', 'orang', 'senjata', 'selamat', 'tni', 'polri']"
16,16,sngt cocokkkkkk,"['sngt', 'cocokkkkkk']",<FreqDist with 2 samples and 2 outcomes>,['sngt'],['sangat'],['sangat']
17,17,alhamdulillah ya robbb,"['alhamdulillah', 'ya', 'robbb']",<FreqDist with 3 samples and 3 outcomes>,['alhamdulillah'],['alhamdulillah'],['alhamdulillah']
18,18,seharusnya ini diramaikan hastag vanuatu biar mereka liat yg mana pelanggaran ham jgn asal nuduh aja vanuatu menyebut indonesia pelanggaran ham,"['seharusnya', 'ini', 'diramaikan', 'hastag', 'vanuatu', 'biar', 'mereka', 'liat', 'yg', 'mana', 'pelanggaran', 'ham', 'jgn', 'asal', 'nuduh', 'aja', 'vanuatu', 'menyebut', 'indonesia', 'pelanggaran', 'ham']",<FreqDist with 18 samples and 21 outcomes>,"['diramaikan', 'liat', 'pelanggaran', 'ham', 'nuduh', 'aja', 'menyebut', 'indonesia', 'pelanggaran', 'ham']","['diramaikan', 'lihat', 'pelanggaran', 'ham', 'nuduh', 'saja', 'menyebut', 'indonesia', 'pelanggaran', 'ham']","['ramai', 'lihat', 'langgar', 'ham', 'nuduh', 'saja', 'sebut', 'indonesia', 'langgar', 'ham']"
19,19,good job tni polri,"['good', 'job', 'tni', 'polri']",<FreqDist with 4 samples and 4 outcomes>,"['good', 'tni', 'polri']","['bagus', 'tni', 'polri']","['bagus', 'tni', 'polri']"
20,20,tni memang mantab dan garda terdepan bravo tni,"['tni', 'memang', 'mantab', 'dan', 'garda', 'terdepan', 'bravo', 'tni']",<FreqDist with 7 samples and 8 outcomes>,"['tni', 'mantab', 'garda', 'terdepan', 'bravo', 'tni']","['tni', 'mantap', 'garda', 'terdepan', 'selamat', 'tni']","['tni', 'mantap', 'garda', 'depan', 'selamat', 'tni']"
21,21,mantab bravo tni,"['mantab', 'bravo', 'tni']",<FreqDist with 3 samples and 3 outcomes>,"['mantab', 'bravo', 'tni']","['mantap', 'selamat', 'tni']","['mantap', 'selamat', 'tni']"
22,22,penting juga ditangkap hidup biar dikuras infomasi keberadaan rekan mereka dalam meginvestigasi mereka jangan lupa perlihatkan seterum kapak pedang dan mesin potong kayu,"['penting', 'juga', 'ditangkap', 'hidup', 'biar', 'dikuras', 'infomasi', 'keberadaan', 'rekan', 'mereka', 'dalam', 'meginvestigasi', 'mereka', 'jangan', 'lupa', 'perlihatkan', 'seterum', 'kapak', 'pedang', 'dan', 'mesin', 'potong', 'kayu']",<FreqDist with 22 samples and 23 outcomes>,"['ditangkap', 'hidup', 'dikuras', 'infomasi', 'keberadaan', 'rekan', 'meginvestigasi', 'lupa', 'perlihatkan', 'seterum', 'kapak', 'pedang', 'mesin', 'potong', 'kayu']","['ditangkap', 'hidup', 'dikuras', 'infomasi', 'keberadaan', 'rekan', 'meginvestigasi', 'lupa', 'perlihatkan', 'seterum', 'kapak', 'pedang', 'mesin', 'potong', 'kayu']","['tangkap', 'hidup', 'kuras', 'infomasi', 'ada', 'rekan', 'meginvestigasi', 'lupa', 'lihat', 'terum', 'kapak', 'pedang', 'mesin', 'potong', 'kayu']"
23,23,mantap suruh nunjukin markas kkb siapkan helli apache dan rudal pesawat super tucano buat basmi di gunakan alutsista jangan buat latihan saja,"['mantap', 'suruh', 'nunjukin', 'markas', 'kkb', 'siapkan', 'helli', 'apache', 'dan', 'rudal', 'pesawat', 'super', 'tucano', 'buat', 'basmi', 'di', 'gunakan', 'alutsista', 'jangan', 'buat', 'latihan', 'saja']",<FreqDist with 21 samples and 22 outcomes>,"['mantap', 'suruh', 'nunjukin', 'markas', 'kkb', 'siapkan', 'helli', 'apache', 'rudal', 'pesawat', 'super', 'tucano', 'basmi', 'alutsista', 'latihan']","['mantap', 'suruh', 'nunjukin', 'markas', 'kkb', 'siapkan', 'helli', 'apache', 'rudal', 'pesawat', 'super', 'tucano', 'basmi', 'alutsista', 'latihan']","['mantap', 'suruh', 'nunjukin', 'markas', 'kkb', 'siap', 'helli', 'apache', 'rudal', 'pesawat', 'super', 'tucano', 'basmi', 'alutsista', 'latih']"
24,24,tni memang bijaksana coba kalo tni yg ketangkep oleh mrk pasti di habisi bravo tni keep fighting never give up gbu,"['tni', 'memang', 'bijaksana', 'coba', 'kalo', 'tni', 'yg', 'ketangkep', 'oleh', 'mrk', 'pasti', 'di', 'habisi', 'bravo', 'tni', 'keep', 'fighting', 'never', 'give', 'up', 'gbu']",<FreqDist with 19 samples and 21 outcomes>,"['tni', 'bijaksana', 'coba', 'tni', 'ketangkep', 'mrk', 'habisi', 'bravo', 'tni', 'keep', 'fighting', 'never', 'give', 'gbu']","['tni', 'bijaksana', 'coba', 'tni', 'ketangkep', 'mereka', 'habisi', 'selamat', 'tni', 'keep', 'fighting', 'never', 'give', 'gbu']","['tni', 'bijaksana', 'coba', 'tni', 'ketangkep', 'mereka', 'habis', 'selamat', 'tni', 'keep', 'fighting', 'never', 'give', 'gbu']"
25,25,masih ingat pekerja pembangunan jalan yang di bunuh sama mereka,"['masih', 'ingat', 'pekerja', 'pembangunan', 'jalan', 'yang', 'di', 'bunuh', 'sama', 'mereka']",<FreqDist with 10 samples and 10 outcomes>,"['pekerja', 'pembangunan', 'jalan', 'bunuh']","['pekerja', 'pembangunan', 'jalan', 'bunuh']","['kerja', 'bangun', 'jalan', 'bunuh']"
26,26,selamat bravo tni dan polisi rakyat bineka tunggal ika mendukungmu,"['selamat', 'bravo', 'tni', 'dan', 'polisi', 'rakyat', 'bineka', 'tunggal', 'ika', 'mendukungmu']",<FreqDist with 10 samples and 10 outcomes>,"['selamat', 'bravo', 'tni', 'polisi', 'rakyat', 'bineka', 'tunggal', 'ika', 'mendukungmu']","['selamat', 'selamat', 'tni', 'polisi', 'rakyat', 'bhineka', 'tunggal', 'ika', 'mendukungmu']","['selamat', 'selamat', 'tni', 'polisi', 'rakyat', 'bhineka', 'tunggal', 'ika', 'dukung']"
27,27,banyak kkb mengganggu pembangunan di papua harus di tangkap,"['banyak', 'kkb', 'mengganggu', 'pembangunan', 'di', 'papua', 'harus', 'di', 'tangkap']",<FreqDist with 8 samples and 9 outcomes>,"['kkb', 'mengganggu', 'pembangunan', 'papua', 'tangkap']","['kkb', 'mengganggu', 'pembangunan', 'papua', 'tangkap']","['kkb', 'ganggu', 'bangun', 'papua', 'tangkap']"
28,28,tingkatkan pengawasan penyelidupan senjata dari luar negeri,"['tingkatkan', 'pengawasan', 'penyelidupan', 'senjata', 'dari', 'luar', 'negeri']",<FreqDist with 7 samples and 7 outcomes>,"['tingkatkan', 'pengawasan', 'penyelidupan', 'senjata', 'negeri']","['tingkatkan', 'pengawasan', 'penyelidupan', 'senjata', 'negeri']","['tingkat', 'awas', 'penyelidupan', 'senjata', 'negeri']"
29,29,sikat aja habis teroris kkb di situ bravo tni,"['sikat', 'aja', 'habis', 'teroris', 'kkb', 'di', 'situ', 'bravo', 'tni']",<FreqDist with 9 samples and 9 outcomes>,"['sikat', 'aja', 'habis', 'teroris', 'kkb', 'situ', 'bravo', 'tni']","['sikat', 'saja', 'habis', 'teroris', 'kkb', 'situ', 'selamat', 'tni']","['sikat', 'saja', 'habis', 'teroris', 'kkb', 'situ', 'selamat', 'tni']"
30,30,semoga tanah papua segera aman di hindarkan dari teror,"['semoga', 'tanah', 'papua', 'segera', 'aman', 'di', 'hindarkan', 'dari', 'teror']",<FreqDist with 9 samples and 9 outcomes>,"['semoga', 'tanah', 'papua', 'aman', 'hindarkan', 'teror']","['semoga', 'tanah', 'papua', 'aman', 'hindarkan', 'teror']","['moga', 'tanah', 'papua', 'aman', 'hindar', 'teror']"
31,31,mantap tni polri,"['mantap', 'tni', 'polri']",<FreqDist with 3 samples and 3 outcomes>,"['mantap', 'tni', 'polri']","['mantap', 'tni', 'polri']","['mantap', 'tni', 'polri']"
32,32,salam dari papua semoga tanah papua selalu damai ke depannya,"['salam', 'dari', 'papua', 'semoga', 'tanah', 'papua', 'selalu', 'damai', 'ke', 'depannya']",<FreqDist with 9 samples and 10 outcomes>,"['salam', 'papua', 'semoga', 'tanah', 'papua', 'damai', 'depannya']","['salam', 'papua', 'semoga', 'tanah', 'papua', 'damai', 'depannya']","['salam', 'papua', 'moga', 'tanah', 'papua', 'damai', 'depan']"
33,33,mantap jng kasih ampun aku bangga dng tni polri,"['mantap', 'jng', 'kasih', 'ampun', 'aku', 'bangga', 'dng', 'tni', 'polri']",<FreqDist with 9 samples and 9 outcomes>,"['mantap', 'jng', 'kasih', 'ampun', 'bangga', 'dng', 'tni', 'polri']","['mantap', 'jng', 'kasih', 'ampun', 'bangga', 'dng', 'tni', 'polri']","['mantap', 'jng', 'kasih', 'ampun', 'bangga', 'dng', 'tni', 'polri']"
34,34,mantap,['mantap'],<FreqDist with 1 samples and 1 outcomes>,['mantap'],['mantap'],['mantap']
35,35,semangat tnipolri rakyat indonesia bersamamu nkri harga mati merdeka,"['semangat', 'tnipolri', 'rakyat', 'indonesia', 'bersamamu', 'nkri', 'harga', 'mati', 'merdeka']",<FreqDist with 9 samples and 9 outcomes>,"['semangat', 'tnipolri', 'rakyat', 'indonesia', 'bersamamu', 'nkri', 'harga', 'mati', 'merdeka']","['semangat', 'tnipolri', 'rakyat', 'indonesia', 'bersamamu', 'nkri', 'harga', 'mati', 'merdeka']","['semangat', 'tnipolri', 'rakyat', 'indonesia', 'sama', 'nkri', 'harga', 'mati', 'merdeka']"
36,36,ikat tangan dankaki jadikan mereka umpan buat kkbpantau dengan drown,"['ikat', 'tangan', 'dankaki', 'jadikan', 'mereka', 'umpan', 'buat', 'kkbpantau', 'dengan', 'drown']",<FreqDist with 10 samples and 10 outcomes>,"['ikat', 'tangan', 'dankaki', 'jadikan', 'umpan', 'kkbpantau', 'drown']","['ikat', 'tangan', 'dankaki', 'jadikan', 'umpan', 'kkbpantau', 'drown']","['ikat', 'tangan', 'dankaki', 'jadi', 'umpan', 'kkbpantau', 'drown']"
37,37,hoaks jgn percaya dgn berita ini sejak kapan opm bisa ditangkap hiduphidup miris,"['hoaks', 'jgn', 'percaya', 'dgn', 'berita', 'ini', 'sejak', 'kapan', 'opm', 'bisa', 'ditangkap', 'hiduphidup', 'miris']",<FreqDist with 13 samples and 13 outcomes>,"['hoaks', 'percaya', 'berita', 'opm', 'ditangkap', 'hiduphidup', 'miris']","['hoaks', 'percaya', 'berita', 'opm', 'ditangkap', 'hiduphidup', 'miris']","['hoaks', 'percaya', 'berita', 'opm', 'tangkap', 'hiduphidup', 'miris']"
38,38,bravo tni polri,"['bravo', 'tni', 'polri']",<FreqDist with 3 samples and 3 outcomes>,"['bravo', 'tni', 'polri']","['selamat', 'tni', 'polri']","['selamat', 'tni', 'polri']"
39,39,,[],<FreqDist with 0 samples and 0 outcomes>,[],[],[]
40,40,satwa liar yang meresahkan warga berhasil di ringkus tni,"['satwa', 'liar', 'yang', 'meresahkan', 'warga', 'berhasil', 'di', 'ringkus', 'tni']",<FreqDist with 9 samples and 9 outcomes>,"['satwa', 'liar', 'meresahkan', 'warga', 'berhasil', 'ringkus', 'tni']","['satwa', 'liar', 'meresahkan', 'warga', 'berhasil', 'ringkus', 'tni']","['satwa', 'liar', 'resah', 'warga', 'hasil', 'ringkus', 'tni']"
41,41,congratzzz pak pecahin kepala nya bila perlu pak nkri harga mati,"['congratzzz', 'pak', 'pecahin', 'kepala', 'nya', 'bila', 'perlu', 'pak', 'nkri', 'harga', 'mati']",<FreqDist with 10 samples and 11 outcomes>,"['congratzzz', 'pecahin', 'kepala', 'nkri', 'harga', 'mati']","['congratzzz', 'pecahin', 'kepala', 'nkri', 'harga', 'mati']","['congratzzz', 'pecahin', 'kepala', 'nkri', 'harga', 'mati']"
42,42,seumur hidup itulah kalimat yg pantas bagi kkb kalau tdk mereka akan lbh berbahaya lagi jika mereka keluar dr penjara,"['seumur', 'hidup', 'itulah', 'kalimat', 'yg', 'pantas', 'bagi', 'kkb', 'kalau', 'tdk', 'mereka', 'akan', 'lbh', 'berbahaya', 'lagi', 'jika', 'mereka', 'keluar', 'dr', 'penjara']",<FreqDist with 19 samples and 20 outcomes>,"['seumur', 'hidup', 'kalimat', 'kkb', 'lbh', 'berbahaya', 'dr', 'penjara']","['seumur', 'hidup', 'kalimat', 'kkb', 'lebih', 'berbahaya', 'dr', 'penjara']","['umur', 'hidup', 'kalimat', 'kkb', 'lebih', 'bahaya', 'dr', 'penjara']"
43,43,saya kira mereka tdk dapat lg di tangkap katanya kkb kuasai medan kok bisa di tangkap nyonyor perlahan kkb akan punah bravo tni polri,"['saya', 'kira', 'mereka', 'tdk', 'dapat', 'lg', 'di', 'tangkap', 'katanya', 'kkb', 'kuasai', 'medan', 'kok', 'bisa', 'di', 'tangkap', 'nyonyor', 'perlahan', 'kkb', 'akan', 'punah', 'bravo', 'tni', 'polri']",<FreqDist with 21 samples and 24 outcomes>,"['lg', 'tangkap', 'kkb', 'kuasai', 'medan', 'tangkap', 'nyonyor', 'perlahan', 'kkb', 'punah', 'bravo', 'tni', 'polri']","['lagi', 'tangkap', 'kkb', 'kuasai', 'medan', 'tangkap', 'nyonyor', 'perlahan', 'kkb', 'punah', 'selamat', 'tni', 'polri']","['lagi', 'tangkap', 'kkb', 'kuasa', 'medan', 'tangkap', 'nyonyor', 'perlahan', 'kkb', 'punah', 'selamat', 'tni', 'polri']"
44,44,masukan kandang harimau yg kelaparan ekor harimau orang kalo mereka selamat lepaskan aja,"['masukan', 'kandang', 'harimau', 'yg', 'kelaparan', 'ekor', 'harimau', 'orang', 'kalo', 'mereka', 'selamat', 'lepaskan', 'aja']",<FreqDist with 12 samples and 13 outcomes>,"['masukan', 'kandang', 'harimau', 'kelaparan', 'ekor', 'harimau', 'orang', 'selamat', 'lepaskan', 'aja']","['masukan', 'kandang', 'harimau', 'kelaparan', 'ekor', 'harimau', 'orang', 'selamat', 'lepaskan', 'saja']","['masuk', 'kandang', 'harimau', 'lapar', 'ekor', 'harimau', 'orang', 'selamat', 'lepas', 'saja']"
45,45,ini baru terroris asli yg membunuh anggota tni polri dan masarakat biadab lu kkb,"['ini', 'baru', 'terroris', 'asli', 'yg', 'membunuh', 'anggota', 'tni', 'polri', 'dan', 'masarakat', 'biadab', 'lu', 'kkb']",<FreqDist with 14 samples and 14 outcomes>,"['terroris', 'asli', 'membunuh', 'anggota', 'tni', 'polri', 'masarakat', 'biadab', 'lu', 'kkb']","['terroris', 'asli', 'membunuh', 'anggota', 'tni', 'polri', 'masarakat', 'biadab', 'lu', 'kkb']","['terroris', 'asli', 'bunuh', 'anggota', 'tni', 'polri', 'masarakat', 'biadab', 'lu', 'kkb']"
46,46,bravo tni polri km mendukung dn mendoakanmu slalu,"['bravo', 'tni', 'polri', 'km', 'mendukung', 'dn', 'mendoakanmu', 'slalu']",<FreqDist with 8 samples and 8 outcomes>,"['bravo', 'tni', 'polri', 'km', 'mendukung', 'dn', 'mendoakanmu', 'slalu']","['selamat', 'tni', 'polri', 'kami', 'mendukung', 'dan', 'mendoakanmu', 'slalu']","['selamat', 'tni', 'polri', 'kami', 'dukung', 'dan', 'doa', 'slalu']"
47,47,kalo mata nya ditutup jadi ingat team tarsius kalo udah ditutup matanya baru gelap layar nya seru banget,"['kalo', 'mata', 'nya', 'ditutup', 'jadi', 'ingat', 'team', 'tarsius', 'kalo', 'udah', 'ditutup', 'matanya', 'baru', 'gelap', 'layar', 'nya', 'seru', 'banget']",<FreqDist with 15 samples and 18 outcomes>,"['mata', 'ditutup', 'team', 'tarsius', 'udah', 'ditutup', 'matanya', 'gelap', 'layar', 'seru', 'banget']","['mata', 'ditutup', 'team', 'tarsius', 'udah', 'ditutup', 'matanya', 'gelap', 'layar', 'seru', 'banget']","['mata', 'tutup', 'team', 'tarsius', 'udah', 'tutup', 'mata', 'gelap', 'layar', 'seru', 'banget']"
48,48,bravo polribravo tni kkb west papua teroris hukum seberatberatnya mereka menembaki manusia tanpa hati nurani mereka contoh kan terus menerus seperti pembantaian di afrika,"['bravo', 'polribravo', 'tni', 'kkb', 'west', 'papua', 'teroris', 'hukum', 'seberatberatnya', 'mereka', 'menembaki', 'manusia', 'tanpa', 'hati', 'nurani', 'mereka', 'contoh', 'kan', 'terus', 'menerus', 'seperti', 'pembantaian', 'di', 'afrika']",<FreqDist with 23 samples and 24 outcomes>,"['bravo', 'polribravo', 'tni', 'kkb', 'west', 'papua', 'teroris', 'hukum', 'seberatberatnya', 'menembaki', 'manusia', 'hati', 'nurani', 'contoh', 'menerus', 'pembantaian', 'afrika']","['selamat', 'polribravo', 'tni', 'kkb', 'west', 'papua', 'teroris', 'hukum', 'seberatberatnya', 'menembaki', 'manusia', 'hati', 'nurani', 'contoh', 'menerus', 'pembantaian', 'afrika']","['selamat', 'polribravo', 'tni', 'kkb', 'west', 'papua', 'teroris', 'hukum', 'seberatberatnya', 'tembak', 'manusia', 'hati', 'nurani', 'contoh', 'terus', 'bantai', 'afrika']"
49,49,kami siap berang lawan mereka dan kami siap mati bela negara indonesia maksi tni telah jaga negara ini komando,"['kami', 'siap', 'berang', 'lawan', 'mereka', 'dan', 'kami', 'siap', 'mati', 'bela', 'negara', 'indonesia', 'maksi', 'tni', 'telah', 'jaga', 'negara', 'ini', 'komando']",<FreqDist with 16 samples and 19 outcomes>,"['berang', 'lawan', 'mati', 'bela', 'negara', 'indonesia', 'maksi', 'tni', 'jaga', 'negara', 'komando']","['berang', 'lawan', 'mati', 'bela', 'negara', 'indonesia', 'maksi', 'tni', 'jaga', 'negara', 'komando']","['berang', 'lawan', 'mati', 'bela', 'negara', 'indonesia', 'maksi', 'tni', 'jaga', 'negara', 'komando']"
50,50,alhamdulillaaaahh smoga tuhan yme sllu melindungi tni polri yg bertugasdilancarkan dlm membasmi org yg merongrong nkri aamiiinn,"['alhamdulillaaaahh', 'smoga', 'tuhan', 'yme', 'sllu', 'melindungi', 'tni', 'polri', 'yg', 'bertugasdilancarkan', 'dlm', 'membasmi', 'org', 'yg', 'merongrong', 'nkri', 'aamiiinn']",<FreqDist with 16 samples and 17 outcomes>,"['alhamdulillaaaahh', 'smoga', 'tuhan', 'yme', 'sllu', 'melindungi', 'tni', 'polri', 'bertugasdilancarkan', 'dlm', 'membasmi', 'org', 'merongrong', 'nkri', 'aamiiinn']","['alhamdulillaaaahh', 'smoga', 'tuhan', 'yme', 'sllu', 'melindungi', 'tni', 'polri', 'bertugasdilancarkan', 'dlm', 'membasmi', 'org', 'merongrong', 'nkri', 'aamiiinn']","['alhamdulillaaaahh', 'smoga', 'tuhan', 'yme', 'sllu', 'lindung', 'tni', 'polri', 'bertugasdilancarkan', 'dlm', 'basmi', 'org', 'rongrong', 'nkri', 'aamiiinn']"
51,51,tikustikus nkri yg tertangkap sebaiknya buat pakan ular,"['tikustikus', 'nkri', 'yg', 'tertangkap', 'sebaiknya', 'buat', 'pakan', 'ular']",<FreqDist with 8 samples and 8 outcomes>,"['tikustikus', 'nkri', 'tertangkap', 'pakan', 'ular']","['tikustikus', 'nkri', 'tertangkap', 'pakan', 'ular']","['tikustikus', 'nkri', 'tangkap', 'pakan', 'ular']"
52,52,terima kasih para pejuang tni polri dan semua yg terlihat demi papua damai aman dari para kkb selanjutnya ringkus para provokator dalang pemberont nkri,"['terima', 'kasih', 'para', 'pejuang', 'tni', 'polri', 'dan', 'semua', 'yg', 'terlihat', 'demi', 'papua', 'damai', 'aman', 'dari', 'para', 'kkb', 'selanjutnya', 'ringkus', 'para', 'provokator', 'dalang', 'pemberont', 'nkri']",<FreqDist with 22 samples and 24 outcomes>,"['terima', 'kasih', 'pejuang', 'tni', 'polri', 'papua', 'damai', 'aman', 'kkb', 'ringkus', 'provokator', 'dalang', 'pemberont', 'nkri']","['terima', 'kasih', 'pejuang', 'tni', 'polri', 'papua', 'damai', 'aman', 'kkb', 'ringkus', 'provokator', 'dalang', 'pemberont', 'nkri']","['terima', 'kasih', 'juang', 'tni', 'polri', 'papua', 'damai', 'aman', 'kkb', 'ringkus', 'provokator', 'dalang', 'pemberont', 'nkri']"
53,53,andai kalian sadar dn kembli ke pelukan nkri insya alloh jaminan kesejahteraan adakrna bsa buka lahan perkebunanpeternakan ikan dn ungas dll,"['andai', 'kalian', 'sadar', 'dn', 'kembli', 'ke', 'pelukan', 'nkri', 'insya', 'alloh', 'jaminan', 'kesejahteraan', 'adakrna', 'bsa', 'buka', 'lahan', 'perkebunanpeternakan', 'ikan', 'dn', 'ungas', 'dll']",<FreqDist with 20 samples and 21 outcomes>,"['andai', 'sadar', 'dn', 'kembli', 'pelukan', 'nkri', 'insya', 'alloh', 'jaminan', 'kesejahteraan', 'adakrna', 'bsa', 'buka', 'lahan', 'perkebunanpeternakan', 'ikan', 'dn', 'ungas', 'dll']","['andai', 'sadar', 'dan', 'kembli', 'pelukan', 'nkri', 'insya', 'alloh', 'jaminan', 'kesejahteraan', 'adakrna', 'bsa', 'buka', 'lahan', 'perkebunanpeternakan', 'ikan', 'dan', 'ungas', 'dll']","['andai', 'sadar', 'dan', 'kembli', 'peluk', 'nkri', 'insya', 'alloh', 'jamin', 'sejahtera', 'adakrna', 'bsa', 'buka', 'lahan', 'perkebunanpeternakan', 'ikan', 'dan', 'ungas', 'dll']"
54,54,masukin di kandang hewan buas mantap tu,"['masukin', 'di', 'kandang', 'hewan', 'buas', 'mantap', 'tu']",<FreqDist with 7 samples and 7 outcomes>,"['masukin', 'kandang', 'hewan', 'buas', 'mantap', 'tu']","['masukin', 'kandang', 'hewan', 'buas', 'mantap', 'tu']","['masukin', 'kandang', 'hewan', 'buas', 'mantap', 'tu']"
55,55,gantung aja pemberontak yg berhati iblis membunuh org dgn kzji,"['gantung', 'aja', 'pemberontak', 'yg', 'berhati', 'iblis', 'membunuh', 'org', 'dgn', 'kzji']",<FreqDist with 10 samples and 10 outcomes>,"['gantung', 'aja', 'pemberontak', 'berhati', 'iblis', 'membunuh', 'org', 'kzji']","['gantung', 'saja', 'pemberontak', 'berhati', 'iblis', 'membunuh', 'org', 'kzji']","['gantung', 'saja', 'berontak', 'hati', 'iblis', 'bunuh', 'org', 'kzji']"
56,56,mohon dibina yang baik agar berbalik menjadi agen perdamaian di papua bagaimanapun juga mereka rakyat indonesia yang wajib diangkat harkat dan martabatnya serta didengarkan usul sarannya,"['mohon', 'dibina', 'yang', 'baik', 'agar', 'berbalik', 'menjadi', 'agen', 'perdamaian', 'di', 'papua', 'bagaimanapun', 'juga', 'mereka', 'rakyat', 'indonesia', 'yang', 'wajib', 'diangkat', 'harkat', 'dan', 'martabatnya', 'serta', 'didengarkan', 'usul', 'sarannya']",<FreqDist with 25 samples and 26 outcomes>,"['mohon', 'dibina', 'berbalik', 'agen', 'perdamaian', 'papua', 'rakyat', 'indonesia', 'wajib', 'diangkat', 'harkat', 'martabatnya', 'didengarkan', 'usul', 'sarannya']","['mohon', 'dibina', 'berbalik', 'agen', 'perdamaian', 'papua', 'rakyat', 'indonesia', 'wajib', 'diangkat', 'harkat', 'martabatnya', 'didengarkan', 'usul', 'sarannya']","['mohon', 'bina', 'balik', 'agen', 'damai', 'papua', 'rakyat', 'indonesia', 'wajib', 'angkat', 'harkat', 'martabat', 'dengar', 'usul', 'saran']"
57,57,,[],<FreqDist with 0 samples and 0 outcomes>,[],[],[]
58,58,langsung hilangin aja mereka bunuh sesama manusia tdk pake otak purapura nunduk giliran di bebaskan bunuh orang lagi,"['langsung', 'hilangin', 'aja', 'mereka', 'bunuh', 'sesama', 'manusia', 'tdk', 'pake', 'otak', 'purapura', 'nunduk', 'giliran', 'di', 'bebaskan', 'bunuh', 'orang', 'lagi']",<FreqDist with 17 samples and 18 outcomes>,"['langsung', 'hilangin', 'aja', 'bunuh', 'manusia', 'pake', 'otak', 'purapura', 'nunduk', 'giliran', 'bebaskan', 'bunuh', 'orang']","['langsung', 'hilangin', 'saja', 'bunuh', 'manusia', 'pake', 'otak', 'purapura', 'nunduk', 'giliran', 'bebaskan', 'bunuh', 'orang']","['langsung', 'hilangin', 'saja', 'bunuh', 'manusia', 'pake', 'otak', 'purapura', 'nunduk', 'gilir', 'bebas', 'bunuh', 'orang']"
59,59,semangat para tni,"['semangat', 'para', 'tni']",<FreqDist with 3 samples and 3 outcomes>,"['semangat', 'tni']","['semangat', 'tni']","['semangat', 'tni']"
60,60,jgn lagi ada yg teriak pelanggaran ham dan di politisasi,"['jgn', 'lagi', 'ada', 'yg', 'teriak', 'pelanggaran', 'ham', 'dan', 'di', 'politisasi']",<FreqDist with 10 samples and 10 outcomes>,"['teriak', 'pelanggaran', 'ham', 'politisasi']","['teriak', 'pelanggaran', 'ham', 'politisasi']","['teriak', 'langgar', 'ham', 'politisasi']"
61,61,tangkap dan penjarakan setelah dihukum pak hakim semoga mereka dipenjara tahun aamiin yra,"['tangkap', 'dan', 'penjarakan', 'setelah', 'dihukum', 'pak', 'hakim', 'semoga', 'mereka', 'dipenjara', 'tahun', 'aamiin', 'yra']",<FreqDist with 13 samples and 13 outcomes>,"['tangkap', 'penjarakan', 'dihukum', 'hakim', 'semoga', 'dipenjara', 'aamiin', 'yra']","['tangkap', 'penjarakan', 'dihukum', 'hakim', 'semoga', 'dipenjara', 'aamiin', 'yra']","['tangkap', 'penjara', 'hukum', 'hakim', 'moga', 'penjara', 'aamiin', 'yra']"
62,62,bravo polri,"['bravo', 'polri']",<FreqDist with 2 samples and 2 outcomes>,"['bravo', 'polri']","['selamat', 'polri']","['selamat', 'polri']"
63,63,salut akhirnya bs trtangkap jg pdhal mrk sama semua,"['salut', 'akhirnya', 'bs', 'trtangkap', 'jg', 'pdhal', 'mrk', 'sama', 'semua']",<FreqDist with 9 samples and 9 outcomes>,"['salut', 'bs', 'trtangkap', 'jg', 'pdhal', 'mrk']","['salut', 'bs', 'trtangkap', 'jg', 'pdhal', 'mereka']","['salut', 'bs', 'trtangkap', 'jg', 'pdhal', 'mereka']"
64,64,salam dari madinah monawaroh,"['salam', 'dari', 'madinah', 'monawaroh']",<FreqDist with 4 samples and 4 outcomes>,"['salam', 'madinah', 'monawaroh']","['salam', 'madinah', 'monawaroh']","['salam', 'madinah', 'monawaroh']"
65,65,kumpulin jd terus di bom,"['kumpulin', 'jd', 'terus', 'di', 'bom']",<FreqDist with 5 samples and 5 outcomes>,"['kumpulin', 'bom']","['kumpulin', 'bom']","['kumpulin', 'bom']"
66,66,tni kuat bersama rakyatbravo tni ku,"['tni', 'kuat', 'bersama', 'rakyatbravo', 'tni', 'ku']",<FreqDist with 5 samples and 6 outcomes>,"['tni', 'kuat', 'rakyatbravo', 'tni']","['tni', 'kuat', 'rakyatbravo', 'tni']","['tni', 'kuat', 'rakyatbravo', 'tni']"
67,67,bahagianya gw denger kabar ini,"['bahagianya', 'gw', 'denger', 'kabar', 'ini']",<FreqDist with 5 samples and 5 outcomes>,"['bahagianya', 'gw', 'denger', 'kabar']","['bahagianya', 'gw', 'denger', 'kabar']","['bahagia', 'gw', 'denger', 'kabar']"
68,68,satya haprabu bravo polri,"['satya', 'haprabu', 'bravo', 'polri']",<FreqDist with 4 samples and 4 outcomes>,"['satya', 'haprabu', 'bravo', 'polri']","['satya', 'haprabu', 'selamat', 'polri']","['satya', 'haprabu', 'selamat', 'polri']"
69,69,biadab kkb lebih rendah dari binatang siksa mereka siksa perlahanlahan sampai mati,"['biadab', 'kkb', 'lebih', 'rendah', 'dari', 'binatang', 'siksa', 'mereka', 'siksa', 'perlahanlahan', 'sampai', 'mati']",<FreqDist with 11 samples and 12 outcomes>,"['biadab', 'kkb', 'rendah', 'binatang', 'siksa', 'siksa', 'perlahanlahan', 'mati']","['biadab', 'kkb', 'rendah', 'binatang', 'siksa', 'siksa', 'perlahanlahan', 'mati']","['biadab', 'kkb', 'rendah', 'binatang', 'siksa', 'siksa', 'perlahanlahan', 'mati']"
70,70,bravo tni dan polrisemoga sllu dlm lindungan yg maha esa,"['bravo', 'tni', 'dan', 'polrisemoga', 'sllu', 'dlm', 'lindungan', 'yg', 'maha', 'esa']",<FreqDist with 10 samples and 10 outcomes>,"['bravo', 'tni', 'polrisemoga', 'sllu', 'dlm', 'lindungan', 'maha', 'esa']","['selamat', 'tni', 'polrisemoga', 'sllu', 'dlm', 'lindungan', 'maha', 'esa']","['selamat', 'tni', 'polrisemoga', 'sllu', 'dlm', 'lindung', 'maha', 'esa']"
71,71,apakah penangkapam gajelas semacam indi dpt mengurangi nasionalisme papua merdeka tentu saja tidak,"['apakah', 'penangkapam', 'gajelas', 'semacam', 'indi', 'dpt', 'mengurangi', 'nasionalisme', 'papua', 'merdeka', 'tentu', 'saja', 'tidak']",<FreqDist with 13 samples and 13 outcomes>,"['penangkapam', 'gajelas', 'indi', 'dpt', 'mengurangi', 'nasionalisme', 'papua', 'merdeka']","['penangkapam', 'gajelas', 'indi', 'dpt', 'mengurangi', 'nasionalisme', 'papua', 'merdeka']","['penangkapam', 'gajelas', 'indi', 'dpt', 'kurang', 'nasionalisme', 'papua', 'merdeka']"
72,72,kita doain smga cpt aman amin yrb,"['kita', 'doain', 'smga', 'cpt', 'aman', 'amin', 'yrb']",<FreqDist with 7 samples and 7 outcomes>,"['doain', 'smga', 'cpt', 'aman', 'amin', 'yrb']","['doain', 'smga', 'cpt', 'aman', 'amin', 'yrb']","['doain', 'smga', 'cpt', 'aman', 'amin', 'yrb']"
73,73,kopral para opm itu adalah gubernurnya sendiri,"['kopral', 'para', 'opm', 'itu', 'adalah', 'gubernurnya', 'sendiri']",<FreqDist with 7 samples and 7 outcomes>,"['kopral', 'opm', 'gubernurnya']","['kopral', 'opm', 'gubernurnya']","['kopral', 'opm', 'gubernur']"
74,74,rakyat mendukung tni polri berantas kkb,"['rakyat', 'mendukung', 'tni', 'polri', 'berantas', 'kkb']",<FreqDist with 6 samples and 6 outcomes>,"['rakyat', 'mendukung', 'tni', 'polri', 'berantas', 'kkb']","['rakyat', 'mendukung', 'tni', 'polri', 'berantas', 'kkb']","['rakyat', 'dukung', 'tni', 'polri', 'berantas', 'kkb']"
75,75,mereka kelompk teroris bersenjata yang sudah membantai warga sipil semoga mendapat hukuman seberat beratnyo kalau perlu hukum mati,"['mereka', 'kelompk', 'teroris', 'bersenjata', 'yang', 'sudah', 'membantai', 'warga', 'sipil', 'semoga', 'mendapat', 'hukuman', 'seberat', 'beratnyo', 'kalau', 'perlu', 'hukum', 'mati']",<FreqDist with 18 samples and 18 outcomes>,"['kelompk', 'teroris', 'bersenjata', 'membantai', 'warga', 'sipil', 'semoga', 'hukuman', 'seberat', 'beratnyo', 'hukum', 'mati']","['kelompk', 'teroris', 'bersenjata', 'membantai', 'warga', 'sipil', 'semoga', 'hukuman', 'seberat', 'beratnyo', 'hukum', 'mati']","['kelompk', 'teroris', 'senjata', 'bantai', 'warga', 'sipil', 'moga', 'hukum', 'berat', 'beratnyo', 'hukum', 'mati']"
76,76,pakai baku tni,"['pakai', 'baku', 'tni']",<FreqDist with 3 samples and 3 outcomes>,"['pakai', 'baku', 'tni']","['pakai', 'saling', 'tni']","['pakai', 'saling', 'tni']"
77,77,yang lain tembak dengan rudal balistik biar rata,"['yang', 'lain', 'tembak', 'dengan', 'rudal', 'balistik', 'biar', 'rata']",<FreqDist with 8 samples and 8 outcomes>,"['tembak', 'rudal', 'balistik']","['tembak', 'rudal', 'balistik']","['tembak', 'rudal', 'balistik']"
78,78,itu yang ketangkep harus diberlakukan hukuman yang seperti korea utara lakukan lakukan hukuman mati didepan seluruh keluarganya,"['itu', 'yang', 'ketangkep', 'harus', 'diberlakukan', 'hukuman', 'yang', 'seperti', 'korea', 'utara', 'lakukan', 'lakukan', 'hukuman', 'mati', 'didepan', 'seluruh', 'keluarganya']",<FreqDist with 14 samples and 17 outcomes>,"['ketangkep', 'diberlakukan', 'hukuman', 'korea', 'utara', 'lakukan', 'lakukan', 'hukuman', 'mati', 'didepan', 'keluarganya']","['ketangkep', 'diberlakukan', 'hukuman', 'korea', 'utara', 'lakukan', 'lakukan', 'hukuman', 'mati', 'didepan', 'keluarganya']","['ketangkep', 'laku', 'hukum', 'korea', 'utara', 'laku', 'laku', 'hukum', 'mati', 'depan', 'keluarga']"
79,79,garagara ulah merekamereka ini banyak orang luar negeri yang salah paham dan tidak bisa membedakan mana papua nugini dengan papua indonesia,"['garagara', 'ulah', 'merekamereka', 'ini', 'banyak', 'orang', 'luar', 'negeri', 'yang', 'salah', 'paham', 'dan', 'tidak', 'bisa', 'membedakan', 'mana', 'papua', 'nugini', 'dengan', 'papua', 'indonesia']",<FreqDist with 20 samples and 21 outcomes>,"['garagara', 'ulah', 'merekamereka', 'orang', 'negeri', 'salah', 'paham', 'membedakan', 'papua', 'nugini', 'papua', 'indonesia']","['garagara', 'ulah', 'mereka', 'orang', 'negeri', 'salah', 'paham', 'membedakan', 'papua', 'nugini', 'papua', 'indonesia']","['garagara', 'ulah', 'mereka', 'orang', 'negeri', 'salah', 'paham', 'beda', 'papua', 'nugini', 'papua', 'indonesia']"
80,80,matanya yg dikasih masker,"['matanya', 'yg', 'dikasih', 'masker']",<FreqDist with 4 samples and 4 outcomes>,"['matanya', 'dikasih', 'masker']","['matanya', 'dikasih', 'masker']","['mata', 'kasih', 'masker']"
81,81,sulit bagi sy membedakan wajah mereka,"['sulit', 'bagi', 'sy', 'membedakan', 'wajah', 'mereka']",<FreqDist with 6 samples and 6 outcomes>,"['sulit', 'sy', 'membedakan', 'wajah']","['sulit', 'sy', 'membedakan', 'wajah']","['sulit', 'sy', 'beda', 'wajah']"
82,82,masukin granat dimulutnya,"['masukin', 'granat', 'dimulutnya']",<FreqDist with 3 samples and 3 outcomes>,"['masukin', 'granat', 'dimulutnya']","['masukin', 'granat', 'dimulutnya']","['masukin', 'granat', 'mulut']"
83,83,undang bapak moro kogoya bpk supir bpk telengga buat kasi ajar dorang apa arti nkri dan dimana posisi dorang sebagai bagian dr nkri bpkmoro bpk supir bpk telengga sudah buktikan dan sudah pantas jd pengajar,"['undang', 'bapak', 'moro', 'kogoya', 'bpk', 'supir', 'bpk', 'telengga', 'buat', 'kasi', 'ajar', 'dorang', 'apa', 'arti', 'nkri', 'dan', 'dimana', 'posisi', 'dorang', 'sebagai', 'bagian', 'dr', 'nkri', 'bpkmoro', 'bpk', 'supir', 'bpk', 'telengga', 'sudah', 'buktikan', 'dan', 'sudah', 'pantas', 'jd', 'pengajar']",<FreqDist with 26 samples and 35 outcomes>,"['undang', 'kogoya', 'bpk', 'supir', 'bpk', 'telengga', 'kasi', 'ajar', 'dorang', 'arti', 'nkri', 'dimana', 'posisi', 'dorang', 'dr', 'nkri', 'bpkmoro', 'bpk', 'supir', 'bpk', 'telengga', 'buktikan', 'pengajar']","['undang', 'kogoya', 'bpk', 'supir', 'bpk', 'telengga', 'kasi', 'ajar', 'dorang', 'arti', 'nkri', 'dimana', 'posisi', 'dorang', 'dr', 'nkri', 'bpkmoro', 'bpk', 'supir', 'bpk', 'telengga', 'buktikan', 'pengajar']","['undang', 'kogoya', 'bpk', 'supir', 'bpk', 'telengga', 'kasi', 'ajar', 'dorang', 'arti', 'nkri', 'mana', 'posisi', 'dorang', 'dr', 'nkri', 'bpkmoro', 'bpk', 'supir', 'bpk', 'telengga', 'bukti', 'ajar']"
84,84,semangat pak polisi habisi perusuh negeri ini nkri harga mati,"['semangat', 'pak', 'polisi', 'habisi', 'perusuh', 'negeri', 'ini', 'nkri', 'harga', 'mati']",<FreqDist with 10 samples and 10 outcomes>,"['semangat', 'polisi', 'habisi', 'perusuh', 'negeri', 'nkri', 'harga', 'mati']","['semangat', 'polisi', 'habisi', 'perusuh', 'negeri', 'nkri', 'harga', 'mati']","['semangat', 'polisi', 'habis', 'rusuh', 'negeri', 'nkri', 'harga', 'mati']"
85,85,diterbangkan terus dilempar ke laut selesai,"['diterbangkan', 'terus', 'dilempar', 'ke', 'laut', 'selesai']",<FreqDist with 6 samples and 6 outcomes>,"['diterbangkan', 'dilempar', 'laut', 'selesai']","['diterbangkan', 'dilempar', 'laut', 'selesai']","['terbang', 'lempar', 'laut', 'selesai']"
86,86,bravo tni,"['bravo', 'tni']",<FreqDist with 2 samples and 2 outcomes>,"['bravo', 'tni']","['selamat', 'tni']","['selamat', 'tni']"
87,87,suruh gali lobang berondong ak urug,"['suruh', 'gali', 'lobang', 'berondong', 'ak', 'urug']",<FreqDist with 6 samples and 6 outcomes>,"['suruh', 'gali', 'lobang', 'berondong', 'ak', 'urug']","['suruh', 'gali', 'lobang', 'berondong', 'ak', 'urug']","['suruh', 'gali', 'lobang', 'berondong', 'ak', 'urug']"
88,88,exsekusi,['exsekusi'],<FreqDist with 1 samples and 1 outcomes>,['exsekusi'],['eksekusi'],['eksekusi']
89,89,lumayan tuch disate,"['lumayan', 'tuch', 'disate']",<FreqDist with 3 samples and 3 outcomes>,"['lumayan', 'tuch', 'disate']","['lumayan', 'tuch', 'disate']","['lumayan', 'tuch', 'sate']"
90,90,bravo tni polri berjayalah tni polriindonesia raya,"['bravo', 'tni', 'polri', 'berjayalah', 'tni', 'polriindonesia', 'raya']",<FreqDist with 6 samples and 7 outcomes>,"['bravo', 'tni', 'polri', 'berjayalah', 'tni', 'polriindonesia', 'raya']","['selamat', 'tni', 'polri', 'berjayalah', 'tni', 'polriindonesia', 'raya']","['selamat', 'tni', 'polri', 'jaya', 'tni', 'polriindonesia', 'raya']"
91,91,kkb anggotanya banyak ya ga habis kayaknya,"['kkb', 'anggotanya', 'banyak', 'ya', 'ga', 'habis', 'kayaknya']",<FreqDist with 7 samples and 7 outcomes>,"['kkb', 'anggotanya', 'habis', 'kayaknya']","['kkb', 'anggotanya', 'habis', 'kayaknya']","['kkb', 'anggota', 'habis', 'kayak']"
92,92,jangan kasih makan nasi kasih aja pisang biasanya monyet kan suka banget pisang,"['jangan', 'kasih', 'makan', 'nasi', 'kasih', 'aja', 'pisang', 'biasanya', 'monyet', 'kan', 'suka', 'banget', 'pisang']",<FreqDist with 11 samples and 13 outcomes>,"['kasih', 'makan', 'nasi', 'kasih', 'aja', 'pisang', 'monyet', 'suka', 'banget', 'pisang']","['kasih', 'makan', 'nasi', 'kasih', 'saja', 'pisang', 'monyet', 'suka', 'banget', 'pisang']","['kasih', 'makan', 'nasi', 'kasih', 'saja', 'pisang', 'monyet', 'suka', 'banget', 'pisang']"
93,93,siksa mereka seperti mereka menyiksa petugas nankes,"['siksa', 'mereka', 'seperti', 'mereka', 'menyiksa', 'petugas', 'nankes']",<FreqDist with 6 samples and 7 outcomes>,"['siksa', 'menyiksa', 'petugas', 'nankes']","['siksa', 'menyiksa', 'petugas', 'nankes']","['siksa', 'siksa', 'tugas', 'nankes']"
94,94,kejamnya mereka ngga pandang bulu semua ditembakin dibunuhnya hukum yg setimpal hidup tnipolri,"['kejamnya', 'mereka', 'ngga', 'pandang', 'bulu', 'semua', 'ditembakin', 'dibunuhnya', 'hukum', 'yg', 'setimpal', 'hidup', 'tnipolri']",<FreqDist with 13 samples and 13 outcomes>,"['kejamnya', 'ngga', 'pandang', 'bulu', 'ditembakin', 'dibunuhnya', 'hukum', 'setimpal', 'hidup', 'tnipolri']","['kejamnya', 'ngga', 'pandang', 'bulu', 'ditembakin', 'dibunuhnya', 'hukum', 'setimpal', 'hidup', 'tnipolri']","['kejam', 'ngga', 'pandang', 'bulu', 'ditembakin', 'bunuh', 'hukum', 'timpal', 'hidup', 'tnipolri']"
95,95,sdh jgn di selidiki langsung bantai binasa kan jgn kasih hati pemberontak tembak binasakan,"['sdh', 'jgn', 'di', 'selidiki', 'langsung', 'bantai', 'binasa', 'kan', 'jgn', 'kasih', 'hati', 'pemberontak', 'tembak', 'binasakan']",<FreqDist with 13 samples and 14 outcomes>,"['selidiki', 'langsung', 'bantai', 'binasa', 'kasih', 'hati', 'pemberontak', 'tembak', 'binasakan']","['selidiki', 'langsung', 'bantai', 'binasa', 'kasih', 'hati', 'pemberontak', 'tembak', 'binasakan']","['selidik', 'langsung', 'bantai', 'binasa', 'kasih', 'hati', 'berontak', 'tembak', 'binasa']"
96,96,insyaallah setelah pilpres masalah terorisme jadi tugas tni,"['insyaallah', 'setelah', 'pilpres', 'masalah', 'terorisme', 'jadi', 'tugas', 'tni']",<FreqDist with 8 samples and 8 outcomes>,"['insyaallah', 'pilpres', 'terorisme', 'tugas', 'tni']","['insyaallah', 'pilpres', 'terorisme', 'tugas', 'tni']","['insyaallah', 'pilpres', 'terorisme', 'tugas', 'tni']"
97,97,bravo tni,"['bravo', 'tni']",<FreqDist with 2 samples and 2 outcomes>,"['bravo', 'tni']","['selamat', 'tni']","['selamat', 'tni']"
98,98,alhamdulillah hewan dilindungi akhirnya bisa ditangkap sebagian,"['alhamdulillah', 'hewan', 'dilindungi', 'akhirnya', 'bisa', 'ditangkap', 'sebagian']",<FreqDist with 7 samples and 7 outcomes>,"['alhamdulillah', 'hewan', 'dilindungi', 'ditangkap']","['alhamdulillah', 'hewan', 'dilindungi', 'ditangkap']","['alhamdulillah', 'hewan', 'lindung', 'tangkap']"
99,99,mntap tni dan polri,"['mntap', 'tni', 'dan', 'polri']",<FreqDist with 4 samples and 4 outcomes>,"['mntap', 'tni', 'polri']","['mntap', 'tni', 'polri']","['mntap', 'tni', 'polri']"
100,100,mereka kejam klo ber aksi ga usah di adili langsung dor aja buang ke laut,"['mereka', 'kejam', 'klo', 'ber', 'aksi', 'ga', 'usah', 'di', 'adili', 'langsung', 'dor', 'aja', 'buang', 'ke', 'laut']",<FreqDist with 15 samples and 15 outcomes>,"['kejam', 'ber', 'aksi', 'adili', 'langsung', 'dor', 'aja', 'buang', 'laut']","['kejam', 'ber', 'aksi', 'adili', 'langsung', 'dor', 'saja', 'buang', 'laut']","['kejam', 'ber', 'aksi', 'adil', 'langsung', 'dor', 'saja', 'buang', 'laut']"
101,101,di sayat kulit nya pakai pisau setelah itu baru di mandikan sama air garam,"['di', 'sayat', 'kulit', 'nya', 'pakai', 'pisau', 'setelah', 'itu', 'baru', 'di', 'mandikan', 'sama', 'air', 'garam']",<FreqDist with 13 samples and 14 outcomes>,"['sayat', 'kulit', 'pakai', 'pisau', 'mandikan', 'air', 'garam']","['sayat', 'kulit', 'pakai', 'pisau', 'mandikan', 'air', 'garam']","['sayat', 'kulit', 'pakai', 'pisau', 'mandi', 'air', 'garam']"
102,102,kalau anggota tni yg di tangkap kkb pasti sudah di habisiklw tni yg tangkap kkb gak di habisijgn bertindak terlalu lunak,"['kalau', 'anggota', 'tni', 'yg', 'di', 'tangkap', 'kkb', 'pasti', 'sudah', 'di', 'habisiklw', 'tni', 'yg', 'tangkap', 'kkb', 'gak', 'di', 'habisijgn', 'bertindak', 'terlalu', 'lunak']",<FreqDist with 15 samples and 21 outcomes>,"['anggota', 'tni', 'tangkap', 'kkb', 'habisiklw', 'tni', 'tangkap', 'kkb', 'habisijgn', 'bertindak', 'lunak']","['anggota', 'tni', 'tangkap', 'kkb', 'habisiklw', 'tni', 'tangkap', 'kkb', 'habisijgn', 'bertindak', 'lunak']","['anggota', 'tni', 'tangkap', 'kkb', 'habisiklw', 'tni', 'tangkap', 'kkb', 'habisijgn', 'tindak', 'lunak']"
103,103,habisi saja kkb itumusuh negara tni polri jgn takut maju terus pantang mundur,"['habisi', 'saja', 'kkb', 'itumusuh', 'negara', 'tni', 'polri', 'jgn', 'takut', 'maju', 'terus', 'pantang', 'mundur']",<FreqDist with 13 samples and 13 outcomes>,"['habisi', 'kkb', 'itumusuh', 'negara', 'tni', 'polri', 'takut', 'maju', 'pantang', 'mundur']","['habisi', 'kkb', 'itumusuh', 'negara', 'tni', 'polri', 'takut', 'maju', 'pantang', 'mundur']","['habis', 'kkb', 'itumusuh', 'negara', 'tni', 'polri', 'takut', 'maju', 'pantang', 'mundur']"
104,104,daripada korban lebih banyak lagi baiknya berilah contoh keras biar kkb gak ada lgi korban hukuman tembak kek atau hukum gantung,"['daripada', 'korban', 'lebih', 'banyak', 'lagi', 'baiknya', 'berilah', 'contoh', 'keras', 'biar', 'kkb', 'gak', 'ada', 'lgi', 'korban', 'hukuman', 'tembak', 'kek', 'atau', 'hukum', 'gantung']",<FreqDist with 20 samples and 21 outcomes>,"['korban', 'baiknya', 'berilah', 'contoh', 'keras', 'kkb', 'lgi', 'korban', 'hukuman', 'tembak', 'kek', 'hukum', 'gantung']","['korban', 'baiknya', 'berilah', 'contoh', 'keras', 'kkb', 'lgi', 'korban', 'hukuman', 'tembak', 'kek', 'hukum', 'gantung']","['korban', 'baik', 'ilah', 'contoh', 'keras', 'kkb', 'lgi', 'korban', 'hukum', 'tembak', 'kek', 'hukum', 'gantung']"
105,105,min angkat berita anak sma di papua di tindas oleh kkb pimpinan lkt,"['min', 'angkat', 'berita', 'anak', 'sma', 'di', 'papua', 'di', 'tindas', 'oleh', 'kkb', 'pimpinan', 'lkt']",<FreqDist with 12 samples and 13 outcomes>,"['angkat', 'berita', 'anak', 'sma', 'papua', 'tindas', 'kkb', 'pimpinan', 'lkt']","['angkat', 'berita', 'anak', 'sma', 'papua', 'tindas', 'kkb', 'pimpinan', 'lkt']","['angkat', 'berita', 'anak', 'sma', 'papua', 'tindas', 'kkb', 'pimpin', 'lkt']"
106,106,saya heran sama para prajurit negara kita yg setiap hari berlatih masa dibuat kelimpungan ngadepin orang orang item dekil bodoh opm,"['saya', 'heran', 'sama', 'para', 'prajurit', 'negara', 'kita', 'yg', 'setiap', 'hari', 'berlatih', 'masa', 'dibuat', 'kelimpungan', 'ngadepin', 'orang', 'orang', 'item', 'dekil', 'bodoh', 'opm']",<FreqDist with 20 samples and 21 outcomes>,"['heran', 'prajurit', 'negara', 'berlatih', 'kelimpungan', 'ngadepin', 'orang', 'orang', 'item', 'dekil', 'bodoh', 'opm']","['heran', 'prajurit', 'negara', 'berlatih', 'kelimpungan', 'ngadepin', 'orang', 'orang', 'item', 'dekil', 'bodoh', 'opm']","['heran', 'prajurit', 'negara', 'latih', 'kelimpungan', 'ngadepin', 'orang', 'orang', 'item', 'dekil', 'bodoh', 'opm']"
107,107,kasih makan yang enak kelimanya tapi kasih racun,"['kasih', 'makan', 'yang', 'enak', 'kelimanya', 'tapi', 'kasih', 'racun']",<FreqDist with 7 samples and 8 outcomes>,"['kasih', 'makan', 'enak', 'kelimanya', 'kasih', 'racun']","['kasih', 'makan', 'enak', 'kelimanya', 'kasih', 'racun']","['kasih', 'makan', 'enak', 'lima', 'kasih', 'racun']"
108,108,pemerintah kalau mau mempertahankan papua harusnya mereka buat juga kebijakan yg lebih baik lagi agar aparat tnipolri bisa bekerja lebih baik lagi ham itu dia tiadakan saja buat kkb teroris langsung di dor sampai rata semuanya spya tnipolri warga sipil nakes jgn jadi korban terus demi mempertahankan papua sebagai nkri tolonglah pemerintah kasian saudara saudari kami yg kami cintai,"['pemerintah', 'kalau', 'mau', 'mempertahankan', 'papua', 'harusnya', 'mereka', 'buat', 'juga', 'kebijakan', 'yg', 'lebih', 'baik', 'lagi', 'agar', 'aparat', 'tnipolri', 'bisa', 'bekerja', 'lebih', 'baik', 'lagi', 'ham', 'itu', 'dia', 'tiadakan', 'saja', 'buat', 'kkb', 'teroris', 'langsung', 'di', 'dor', 'sampai', 'rata', 'semuanya', 'spya', 'tnipolri', 'warga', 'sipil', 'nakes', 'jgn', 'jadi', 'korban', 'terus', 'demi', 'mempertahankan', 'papua', 'sebagai', 'nkri', 'tolonglah', 'pemerintah', 'kasian', 'saudara', 'saudari', 'kami', 'yg', 'kami', 'cintai']",<FreqDist with 49 samples and 59 outcomes>,"['pemerintah', 'mempertahankan', 'papua', 'kebijakan', 'aparat', 'tnipolri', 'ham', 'tiadakan', 'kkb', 'teroris', 'langsung', 'dor', 'spya', 'tnipolri', 'warga', 'sipil', 'nakes', 'korban', 'mempertahankan', 'papua', 'nkri', 'tolonglah', 'pemerintah', 'kasian', 'saudara', 'saudari', 'cintai']","['pemerintah', 'mempertahankan', 'papua', 'kebijakan', 'aparat', 'tnipolri', 'ham', 'tiadakan', 'kkb', 'teroris', 'langsung', 'dor', 'spya', 'tnipolri', 'warga', 'sipil', 'nakes', 'korban', 'mempertahankan', 'papua', 'nkri', 'tolonglah', 'pemerintah', 'kasian', 'saudara', 'saudari', 'cintai']","['perintah', 'tahan', 'papua', 'bijak', 'aparat', 'tnipolri', 'ham', 'tiada', 'kkb', 'teroris', 'langsung', 'dor', 'spya', 'tnipolri', 'warga', 'sipil', 'nakes', 'korban', 'tahan', 'papua', 'nkri', 'tolong', 'perintah', 'kasi', 'saudara', 'saudari', 'cinta']"
109,109,bagi timah panas biar jerah,"['bagi', 'timah', 'panas', 'biar', 'jerah']",<FreqDist with 5 samples and 5 outcomes>,"['timah', 'panas', 'jerah']","['timah', 'panas', 'jerah']","['timah', 'panas', 'jerah']"
110,110,hahahadilakban kecabut semua tuh jenggotkumisnyabuahahahaha perih dong coy semoga kkb musnah dari bumi indonesia,"['hahahadilakban', 'kecabut', 'semua', 'tuh', 'jenggotkumisnyabuahahahaha', 'perih', 'dong', 'coy', 'semoga', 'kkb', 'musnah', 'dari', 'bumi', 'indonesia']",<FreqDist with 14 samples and 14 outcomes>,"['hahahadilakban', 'kecabut', 'jenggotkumisnyabuahahahaha', 'perih', 'coy', 'semoga', 'kkb', 'musnah', 'bumi', 'indonesia']","['hahahadilakban', 'kecabut', 'jenggotkumisnyabuahahahaha', 'perih', 'coy', 'semoga', 'kkb', 'musnah', 'bumi', 'indonesia']","['hahahadilakban', 'cabut', 'jenggotkumisnyabuahahahaha', 'perih', 'coy', 'moga', 'kkb', 'musnah', 'bumi', 'indonesia']"
111,111,mantaphidup tni,"['mantaphidup', 'tni']",<FreqDist with 2 samples and 2 outcomes>,"['mantaphidup', 'tni']","['mantaphidup', 'tni']","['mantaphidup', 'tni']"
112,112,cari informasi dari mereka siapa pemasok senjata negara mana beking mereka dimana pos pos persbunyian mereka,"['cari', 'informasi', 'dari', 'mereka', 'siapa', 'pemasok', 'senjata', 'negara', 'mana', 'beking', 'mereka', 'dimana', 'pos', 'pos', 'persbunyian', 'mereka']",<FreqDist with 13 samples and 16 outcomes>,"['cari', 'informasi', 'pemasok', 'senjata', 'negara', 'beking', 'dimana', 'pos', 'pos', 'persbunyian']","['cari', 'informasi', 'pemasok', 'senjata', 'negara', 'beking', 'dimana', 'pos', 'pos', 'persbunyian']","['cari', 'informasi', 'pasok', 'senjata', 'negara', 'beking', 'mana', 'pos', 'pos', 'persbunyian']"
113,113,mantep bgt itu rasa nya pas lakban nya di buka,"['mantep', 'bgt', 'itu', 'rasa', 'nya', 'pas', 'lakban', 'nya', 'di', 'buka']",<FreqDist with 9 samples and 10 outcomes>,"['mantep', 'bgt', 'pas', 'lakban', 'buka']","['mantep', 'bgt', 'pas', 'lakban', 'buka']","['mantep', 'bgt', 'pas', 'lakban', 'buka']"
114,114,hukum gantung live di tonton semua rakyat indonesia siaran langsung,"['hukum', 'gantung', 'live', 'di', 'tonton', 'semua', 'rakyat', 'indonesia', 'siaran', 'langsung']",<FreqDist with 10 samples and 10 outcomes>,"['hukum', 'gantung', 'live', 'tonton', 'rakyat', 'indonesia', 'siaran', 'langsung']","['hukum', 'gantung', 'live', 'tonton', 'rakyat', 'indonesia', 'siaran', 'langsung']","['hukum', 'gantung', 'live', 'tonton', 'rakyat', 'indonesia', 'siar', 'langsung']"
115,115,dooorr kepalanyaa,"['dooorr', 'kepalanyaa']",<FreqDist with 2 samples and 2 outcomes>,"['dooorr', 'kepalanyaa']","['dooorr', 'kepalanyaa']","['dooorr', 'kepalanyaa']"
116,116,suruh jinakin ranjau aja pak,"['suruh', 'jinakin', 'ranjau', 'aja', 'pak']",<FreqDist with 5 samples and 5 outcomes>,"['suruh', 'jinakin', 'ranjau', 'aja']","['suruh', 'jinakin', 'ranjau', 'saja']","['suruh', 'jinakin', 'ranjau', 'saja']"
117,117,apapun yg telah mereka lakukan mreka tetap saudara kita yg di manfaatkan oleh pihak yg tidak bertanggung jawab,"['apapun', 'yg', 'telah', 'mereka', 'lakukan', 'mreka', 'tetap', 'saudara', 'kita', 'yg', 'di', 'manfaatkan', 'oleh', 'pihak', 'yg', 'tidak', 'bertanggung', 'jawab']",<FreqDist with 16 samples and 18 outcomes>,"['apapun', 'lakukan', 'mreka', 'saudara', 'manfaatkan', 'bertanggung']","['apapun', 'lakukan', 'mreka', 'saudara', 'manfaatkan', 'bertanggung']","['apa', 'laku', 'mreka', 'saudara', 'manfaat', 'tanggung']"
118,118,gua galfok ke inggusnya,"['gua', 'galfok', 'ke', 'inggusnya']",<FreqDist with 4 samples and 4 outcomes>,"['gua', 'galfok', 'inggusnya']","['gua', 'galfok', 'inggusnya']","['gua', 'galfok', 'inggusnya']"
119,119,kumpulin semua nya pak dalam satu kamar kemudia di kasi karbit banyak biar cepat masak,"['kumpulin', 'semua', 'nya', 'pak', 'dalam', 'satu', 'kamar', 'kemudia', 'di', 'kasi', 'karbit', 'banyak', 'biar', 'cepat', 'masak']",<FreqDist with 15 samples and 15 outcomes>,"['kumpulin', 'kamar', 'kemudia', 'kasi', 'karbit', 'cepat', 'masak']","['kumpulin', 'kamar', 'kemudia', 'kasi', 'karbit', 'cepat', 'masak']","['kumpulin', 'kamar', 'kemudia', 'kasi', 'karbit', 'cepat', 'masak']"
120,120,door aja ndan korban dipihak aparat uda banyak,"['door', 'aja', 'ndan', 'korban', 'dipihak', 'aparat', 'uda', 'banyak']",<FreqDist with 8 samples and 8 outcomes>,"['door', 'aja', 'ndan', 'korban', 'dipihak', 'aparat', 'uda']","['door', 'saja', 'ndan', 'korban', 'dipihak', 'aparat', 'uda']","['door', 'saja', 'ndan', 'korban', 'pihak', 'aparat', 'uda']"
121,121,lucuti senjatanya tanya lainnya kama suruh tunjukkan dimana sembunyi cari sampe yg lainnya ketemu bunuh geram banget sama kkb,"['lucuti', 'senjatanya', 'tanya', 'lainnya', 'kama', 'suruh', 'tunjukkan', 'dimana', 'sembunyi', 'cari', 'sampe', 'yg', 'lainnya', 'ketemu', 'bunuh', 'geram', 'banget', 'sama', 'kkb']",<FreqDist with 18 samples and 19 outcomes>,"['lucuti', 'senjatanya', 'kama', 'suruh', 'tunjukkan', 'dimana', 'sembunyi', 'cari', 'sampe', 'ketemu', 'bunuh', 'geram', 'banget', 'kkb']","['lucuti', 'senjatanya', 'kama', 'suruh', 'tunjukkan', 'dimana', 'sembunyi', 'cari', 'sampe', 'ketemu', 'bunuh', 'geram', 'banget', 'kkb']","['lucut', 'senjata', 'kama', 'suruh', 'tunjuk', 'mana', 'sembunyi', 'cari', 'sampe', 'ketemu', 'bunuh', 'geram', 'banget', 'kkb']"
122,122,kasih makan selang lagend,"['kasih', 'makan', 'selang', 'lagend']",<FreqDist with 4 samples and 4 outcomes>,"['kasih', 'makan', 'selang', 'lagend']","['kasih', 'makan', 'selang', 'lagend']","['kasih', 'makan', 'selang', 'lagend']"
123,123,kita terlalu baik padahal klo ktmu tnipolri main tembak aja tu kkb dulu xanana gusmao klo d dor lain cerita semoga allah melindungi yg sedang bertugas,"['kita', 'terlalu', 'baik', 'padahal', 'klo', 'ktmu', 'tnipolri', 'main', 'tembak', 'aja', 'tu', 'kkb', 'dulu', 'xanana', 'gusmao', 'klo', 'd', 'dor', 'lain', 'cerita', 'semoga', 'allah', 'melindungi', 'yg', 'sedang', 'bertugas']",<FreqDist with 25 samples and 26 outcomes>,"['ktmu', 'tnipolri', 'main', 'tembak', 'aja', 'tu', 'kkb', 'xanana', 'gusmao', 'dor', 'cerita', 'semoga', 'allah', 'melindungi', 'bertugas']","['ktmu', 'tnipolri', 'main', 'tembak', 'saja', 'tu', 'kkb', 'xanana', 'gusmao', 'dor', 'cerita', 'semoga', 'allah', 'melindungi', 'bertugas']","['ktmu', 'tnipolri', 'main', 'tembak', 'saja', 'tu', 'kkb', 'xanana', 'gusmao', 'dor', 'cerita', 'moga', 'allah', 'lindung', 'tugas']"
124,124,org kayak gini lgsg dimatiin aja lahjgn dipenjara lagibikin sempit lapas doang mending lgsg dimatiin bikin nkri jd hancur aja,"['org', 'kayak', 'gini', 'lgsg', 'dimatiin', 'aja', 'lahjgn', 'dipenjara', 'lagibikin', 'sempit', 'lapas', 'doang', 'mending', 'lgsg', 'dimatiin', 'bikin', 'nkri', 'jd', 'hancur', 'aja']",<FreqDist with 17 samples and 20 outcomes>,"['org', 'kayak', 'gini', 'lgsg', 'dimatiin', 'aja', 'lahjgn', 'dipenjara', 'lagibikin', 'sempit', 'lapas', 'doang', 'mending', 'lgsg', 'dimatiin', 'nkri', 'hancur', 'aja']","['org', 'kayak', 'gini', 'lgsg', 'dimatiin', 'saja', 'lahjgn', 'dipenjara', 'lagibikin', 'sempit', 'lapas', 'doang', 'mending', 'lgsg', 'dimatiin', 'nkri', 'hancur', 'saja']","['org', 'kayak', 'gin', 'lgsg', 'dimatiin', 'saja', 'lahjgn', 'penjara', 'lagibikin', 'sempit', 'lapas', 'doang', 'mending', 'lgsg', 'dimatiin', 'nkri', 'hancur', 'saja']"
125,125,dia sudah banyak membunuh petugas dan masyarakat,"['dia', 'sudah', 'banyak', 'membunuh', 'petugas', 'dan', 'masyarakat']",<FreqDist with 7 samples and 7 outcomes>,"['membunuh', 'petugas', 'masyarakat']","['membunuh', 'petugas', 'masyarakat']","['bunuh', 'tugas', 'masyarakat']"
126,126,hukum seberat beratnyadgn perbuatan mereka terhadapnakes wanita yg sangat biadab,"['hukum', 'seberat', 'beratnyadgn', 'perbuatan', 'mereka', 'terhadapnakes', 'wanita', 'yg', 'sangat', 'biadab']",<FreqDist with 10 samples and 10 outcomes>,"['hukum', 'seberat', 'beratnyadgn', 'perbuatan', 'terhadapnakes', 'wanita', 'biadab']","['hukum', 'seberat', 'beratnyadgn', 'perbuatan', 'terhadapnakes', 'wanita', 'biadab']","['hukum', 'berat', 'beratnyadgn', 'buat', 'terhadapnakes', 'wanita', 'biadab']"
127,127,anggota kkb yang ditangkap pasti senang karena tanpa susah payah mereka bisa makan kali seharidari pada di hutan nggak ada yang bisa dimakan,"['anggota', 'kkb', 'yang', 'ditangkap', 'pasti', 'senang', 'karena', 'tanpa', 'susah', 'payah', 'mereka', 'bisa', 'makan', 'kali', 'seharidari', 'pada', 'di', 'hutan', 'nggak', 'ada', 'yang', 'bisa', 'dimakan']",<FreqDist with 21 samples and 23 outcomes>,"['anggota', 'kkb', 'ditangkap', 'senang', 'susah', 'payah', 'makan', 'kali', 'seharidari', 'hutan', 'nggak', 'dimakan']","['anggota', 'kkb', 'ditangkap', 'senang', 'susah', 'payah', 'makan', 'kali', 'seharidari', 'hutan', 'nggak', 'dimakan']","['anggota', 'kkb', 'tangkap', 'senang', 'susah', 'payah', 'makan', 'kali', 'seharidari', 'hutan', 'nggak', 'makan']"
128,128,terima kasih kpd tni polri tangkap terus gerombolan kkb yg merusak tatanan kenegaraan yg sering menggagu kedaulatan negara dan bangsa,"['terima', 'kasih', 'kpd', 'tni', 'polri', 'tangkap', 'terus', 'gerombolan', 'kkb', 'yg', 'merusak', 'tatanan', 'kenegaraan', 'yg', 'sering', 'menggagu', 'kedaulatan', 'negara', 'dan', 'bangsa']",<FreqDist with 19 samples and 20 outcomes>,"['terima', 'kasih', 'kpd', 'tni', 'polri', 'tangkap', 'gerombolan', 'kkb', 'merusak', 'tatanan', 'kenegaraan', 'menggagu', 'kedaulatan', 'negara', 'bangsa']","['terima', 'kasih', 'kepada', 'tni', 'polri', 'tangkap', 'gerombolan', 'kkb', 'merusak', 'tatanan', 'kenegaraan', 'menggagu', 'kedaulatan', 'negara', 'bangsa']","['terima', 'kasih', 'kepada', 'tni', 'polri', 'tangkap', 'gerombol', 'kkb', 'rusak', 'tatanan', 'negara', 'gagu', 'daulat', 'negara', 'bangsa']"
129,129,siksa dulu tarik bulu mata nya sampe copot sama gelitikin sampe ampun ampun,"['siksa', 'dulu', 'tarik', 'bulu', 'mata', 'nya', 'sampe', 'copot', 'sama', 'gelitikin', 'sampe', 'ampun', 'ampun']",<FreqDist with 11 samples and 13 outcomes>,"['siksa', 'tarik', 'bulu', 'mata', 'sampe', 'copot', 'gelitikin', 'sampe', 'ampun', 'ampun']","['siksa', 'tarik', 'bulu', 'mata', 'sampe', 'copot', 'gelitikin', 'sampe', 'ampun', 'ampun']","['siksa', 'tarik', 'bulu', 'mata', 'sampe', 'copot', 'gelitikin', 'sampe', 'ampun', 'ampun']"
130,130,potong aja tubuh nya kasih buaya semoga aja buaya nya mau dan nggk muntah,"['potong', 'aja', 'tubuh', 'nya', 'kasih', 'buaya', 'semoga', 'aja', 'buaya', 'nya', 'mau', 'dan', 'nggk', 'muntah']",<FreqDist with 11 samples and 14 outcomes>,"['potong', 'aja', 'tubuh', 'kasih', 'buaya', 'semoga', 'aja', 'buaya', 'nggk', 'muntah']","['potong', 'saja', 'tubuh', 'kasih', 'buaya', 'semoga', 'saja', 'buaya', 'nggk', 'muntah']","['potong', 'saja', 'tubuh', 'kasih', 'buaya', 'moga', 'saja', 'buaya', 'nggk', 'muntah']"
131,131,monster predatorpanggilkan rambo,"['monster', 'predatorpanggilkan', 'rambo']",<FreqDist with 3 samples and 3 outcomes>,"['monster', 'predatorpanggilkan', 'rambo']","['monster', 'predatorpanggilkan', 'rambo']","['monster', 'predatorpanggilkan', 'rambo']"
132,132,mereka kalo dimandiin butuh berapa bungkus rinso ya biar putih,"['mereka', 'kalo', 'dimandiin', 'butuh', 'berapa', 'bungkus', 'rinso', 'ya', 'biar', 'putih']",<FreqDist with 10 samples and 10 outcomes>,"['dimandiin', 'butuh', 'bungkus', 'rinso', 'putih']","['dimandiin', 'butuh', 'bungkus', 'rinso', 'putih']","['dimandiin', 'butuh', 'bungkus', 'rinso', 'putih']"
133,133,pelihara baik baik klu lepas kau ditembaknya,"['pelihara', 'baik', 'baik', 'klu', 'lepas', 'kau', 'ditembaknya']",<FreqDist with 6 samples and 7 outcomes>,"['pelihara', 'klu', 'lepas', 'kau', 'ditembaknya']","['pelihara', 'kalau', 'lepas', 'kau', 'ditembaknya']","['pelihara', 'kalau', 'lepas', 'kau', 'tembak']"
134,134,alhamdullilah,['alhamdullilah'],<FreqDist with 1 samples and 1 outcomes>,['alhamdullilah'],['alhamdullilah'],['alhamdullilah']
135,135,introgasi siapa lagi yang terlibat dan mendanai kkb selama ini,"['introgasi', 'siapa', 'lagi', 'yang', 'terlibat', 'dan', 'mendanai', 'kkb', 'selama', 'ini']",<FreqDist with 10 samples and 10 outcomes>,"['introgasi', 'terlibat', 'mendanai', 'kkb']","['introgasi', 'terlibat', 'mendanai', 'kkb']","['introgasi', 'libat', 'dana', 'kkb']"
136,136,di kulitin dan kukunya di cabutin semuanya peras sama asambiar mantap sakit nya,"['di', 'kulitin', 'dan', 'kukunya', 'di', 'cabutin', 'semuanya', 'peras', 'sama', 'asambiar', 'mantap', 'sakit', 'nya']",<FreqDist with 12 samples and 13 outcomes>,"['kulitin', 'kukunya', 'cabutin', 'peras', 'asambiar', 'mantap', 'sakit']","['kulitin', 'kukunya', 'cabutin', 'peras', 'asambiar', 'mantap', 'sakit']","['kulitin', 'kuku', 'cabutin', 'peras', 'asambiar', 'mantap', 'sakit']"
137,137,kasih makan tai mnum air karbit suruh tidur disebarin di badannya pake ulet bulu,"['kasih', 'makan', 'tai', 'mnum', 'air', 'karbit', 'suruh', 'tidur', 'disebarin', 'di', 'badannya', 'pake', 'ulet', 'bulu']",<FreqDist with 14 samples and 14 outcomes>,"['kasih', 'makan', 'tai', 'mnum', 'air', 'karbit', 'suruh', 'tidur', 'disebarin', 'badannya', 'pake', 'ulet', 'bulu']","['kasih', 'makan', 'tai', 'mnum', 'air', 'karbit', 'suruh', 'tidur', 'disebarin', 'badannya', 'pake', 'ulet', 'bulu']","['kasih', 'makan', 'tai', 'mnum', 'air', 'karbit', 'suruh', 'tidur', 'disebarin', 'badan', 'pake', 'ulet', 'bulu']"
138,138,bunuh aja kkb itu yg tertangkap orang ini yg sering membunuh orang sipil,"['bunuh', 'aja', 'kkb', 'itu', 'yg', 'tertangkap', 'orang', 'ini', 'yg', 'sering', 'membunuh', 'orang', 'sipil']",<FreqDist with 11 samples and 13 outcomes>,"['bunuh', 'aja', 'kkb', 'tertangkap', 'orang', 'membunuh', 'orang', 'sipil']","['bunuh', 'saja', 'kkb', 'tertangkap', 'orang', 'membunuh', 'orang', 'sipil']","['bunuh', 'saja', 'kkb', 'tangkap', 'orang', 'bunuh', 'orang', 'sipil']"
139,139,kirim ke jakarta bagi anggota kkb yg ketangkap hukum aja mereka di luar papua kasi hukuman mati biar ngak ada lagi kkb yg baru baru lagi,"['kirim', 'ke', 'jakarta', 'bagi', 'anggota', 'kkb', 'yg', 'ketangkap', 'hukum', 'aja', 'mereka', 'di', 'luar', 'papua', 'kasi', 'hukuman', 'mati', 'biar', 'ngak', 'ada', 'lagi', 'kkb', 'yg', 'baru', 'baru', 'lagi']",<FreqDist with 22 samples and 26 outcomes>,"['kirim', 'jakarta', 'anggota', 'kkb', 'ketangkap', 'hukum', 'aja', 'papua', 'kasi', 'hukuman', 'mati', 'ngak', 'kkb']","['kirim', 'jakarta', 'anggota', 'kkb', 'ketangkap', 'hukum', 'saja', 'papua', 'kasi', 'hukuman', 'mati', 'ngak', 'kkb']","['kirim', 'jakarta', 'anggota', 'kkb', 'tangkap', 'hukum', 'saja', 'papua', 'kasi', 'hukum', 'mati', 'ngak', 'kkb']"
140,140,senyapkan pa polisi pa tni,"['senyapkan', 'pa', 'polisi', 'pa', 'tni']",<FreqDist with 4 samples and 5 outcomes>,"['senyapkan', 'polisi', 'tni']","['senyapkan', 'polisi', 'tni']","['senyap', 'polisi', 'tni']"
141,141,kalau mata nya sudah di tutup pakai lakbanpasti akan di dor,"['kalau', 'mata', 'nya', 'sudah', 'di', 'tutup', 'pakai', 'lakbanpasti', 'akan', 'di', 'dor']",<FreqDist with 10 samples and 11 outcomes>,"['mata', 'tutup', 'pakai', 'lakbanpasti', 'dor']","['mata', 'tutup', 'pakai', 'lakbanpasti', 'dor']","['mata', 'tutup', 'pakai', 'lakbanpasti', 'dor']"
142,142,pembantai wajib hukuman eksekusi mati,"['pembantai', 'wajib', 'hukuman', 'eksekusi', 'mati']",<FreqDist with 5 samples and 5 outcomes>,"['pembantai', 'wajib', 'hukuman', 'eksekusi', 'mati']","['pembantai', 'wajib', 'hukuman', 'eksekusi', 'mati']","['bantai', 'wajib', 'hukum', 'eksekusi', 'mati']"
143,143,penghianat pahlawan pemberontak pejuang kemerdekaan tergantung sudut pandang orang yg melihatnya yuk kita introspeksi diri,"['penghianat', 'pahlawan', 'pemberontak', 'pejuang', 'kemerdekaan', 'tergantung', 'sudut', 'pandang', 'orang', 'yg', 'melihatnya', 'yuk', 'kita', 'introspeksi', 'diri']",<FreqDist with 15 samples and 15 outcomes>,"['penghianat', 'pahlawan', 'pemberontak', 'pejuang', 'kemerdekaan', 'tergantung', 'sudut', 'pandang', 'orang', 'yuk', 'introspeksi']","['penghianat', 'pahlawan', 'pemberontak', 'pejuang', 'kemerdekaan', 'tergantung', 'sudut', 'pandang', 'orang', 'yuk', 'introspeksi']","['penghianat', 'pahlawan', 'berontak', 'juang', 'merdeka', 'gantung', 'sudut', 'pandang', 'orang', 'yuk', 'introspeksi']"
144,144,semoga tni polri di beri kekuatan kami mendoa kan semoga para teroris cepat dihabisi biar aman tanah papua,"['semoga', 'tni', 'polri', 'di', 'beri', 'kekuatan', 'kami', 'mendoa', 'kan', 'semoga', 'para', 'teroris', 'cepat', 'dihabisi', 'biar', 'aman', 'tanah', 'papua']",<FreqDist with 17 samples and 18 outcomes>,"['semoga', 'tni', 'polri', 'kekuatan', 'mendoa', 'semoga', 'teroris', 'cepat', 'dihabisi', 'aman', 'tanah', 'papua']","['semoga', 'tni', 'polri', 'kekuatan', 'mendoa', 'semoga', 'teroris', 'cepat', 'dihabisi', 'aman', 'tanah', 'papua']","['moga', 'tni', 'polri', 'kuat', 'doa', 'moga', 'teroris', 'cepat', 'habis', 'aman', 'tanah', 'papua']"
145,145,pendahulunya menuntut merdeka karena masalah pembangunan namun kini telah kembali nkri seutuhnya sangat terbalik sama kkb yg sekarang menuntut merdeka karena haus kekuasaan,"['pendahulunya', 'menuntut', 'merdeka', 'karena', 'masalah', 'pembangunan', 'namun', 'kini', 'telah', 'kembali', 'nkri', 'seutuhnya', 'sangat', 'terbalik', 'sama', 'kkb', 'yg', 'sekarang', 'menuntut', 'merdeka', 'karena', 'haus', 'kekuasaan']",<FreqDist with 20 samples and 23 outcomes>,"['pendahulunya', 'menuntut', 'merdeka', 'pembangunan', 'nkri', 'seutuhnya', 'terbalik', 'kkb', 'menuntut', 'merdeka', 'haus', 'kekuasaan']","['pendahulunya', 'menuntut', 'merdeka', 'pembangunan', 'nkri', 'seutuhnya', 'terbalik', 'kkb', 'menuntut', 'merdeka', 'haus', 'kekuasaan']","['dahulu', 'tuntut', 'merdeka', 'bangun', 'nkri', 'utuh', 'balik', 'kkb', 'tuntut', 'merdeka', 'haus', 'kuasa']"
146,146,mantap di kupasin dulu kulitnya trus masukan ke kandang singa,"['mantap', 'di', 'kupasin', 'dulu', 'kulitnya', 'trus', 'masukan', 'ke', 'kandang', 'singa']",<FreqDist with 10 samples and 10 outcomes>,"['mantap', 'kupasin', 'kulitnya', 'trus', 'masukan', 'kandang', 'singa']","['mantap', 'kupasin', 'kulitnya', 'terus', 'masukan', 'kandang', 'singa']","['mantap', 'kupasin', 'kulit', 'terus', 'masuk', 'kandang', 'singa']"
147,147,monyet ketangkep,"['monyet', 'ketangkep']",<FreqDist with 2 samples and 2 outcomes>,"['monyet', 'ketangkep']","['monyet', 'ketangkep']","['monyet', 'ketangkep']"
148,148,bukan tembak mati aj klu kita ditangkap mereka pasti mati minimal cacat kkb ini berlindung di balik ham klu kita yg jd korban bukan ham tp klu mereka yg mati katanya melanggar ham,"['bukan', 'tembak', 'mati', 'aj', 'klu', 'kita', 'ditangkap', 'mereka', 'pasti', 'mati', 'minimal', 'cacat', 'kkb', 'ini', 'berlindung', 'di', 'balik', 'ham', 'klu', 'kita', 'yg', 'jd', 'korban', 'bukan', 'ham', 'tp', 'klu', 'mereka', 'yg', 'mati', 'katanya', 'melanggar', 'ham']",<FreqDist with 23 samples and 33 outcomes>,"['tembak', 'mati', 'aj', 'klu', 'ditangkap', 'mati', 'minimal', 'cacat', 'kkb', 'berlindung', 'ham', 'klu', 'korban', 'ham', 'klu', 'mati', 'melanggar', 'ham']","['tembak', 'mati', 'aj', 'kalau', 'ditangkap', 'mati', 'minimal', 'cacat', 'kkb', 'berlindung', 'ham', 'kalau', 'korban', 'ham', 'kalau', 'mati', 'melanggar', 'ham']","['tembak', 'mati', 'aj', 'kalau', 'tangkap', 'mati', 'minimal', 'cacat', 'kkb', 'lindung', 'ham', 'kalau', 'korban', 'ham', 'kalau', 'mati', 'langgar', 'ham']"
149,149,ham ham ham ham,"['ham', 'ham', 'ham', 'ham']",<FreqDist with 1 samples and 4 outcomes>,"['ham', 'ham', 'ham', 'ham']","['ham', 'ham', 'ham', 'ham']","['ham', 'ham', 'ham', 'ham']"
150,150,introgasi dulu korek keteranganya kalau dah lgsg door aja tuman mereka biadab g pnya hati dah bnyak membunuh korban brimod polisi mau pun tni,"['introgasi', 'dulu', 'korek', 'keteranganya', 'kalau', 'dah', 'lgsg', 'door', 'aja', 'tuman', 'mereka', 'biadab', 'g', 'pnya', 'hati', 'dah', 'bnyak', 'membunuh', 'korban', 'brimod', 'polisi', 'mau', 'pun', 'tni']",<FreqDist with 23 samples and 24 outcomes>,"['introgasi', 'korek', 'keteranganya', 'dah', 'lgsg', 'door', 'aja', 'tuman', 'biadab', 'g', 'pnya', 'hati', 'dah', 'bnyak', 'membunuh', 'korban', 'brimod', 'polisi', 'tni']","['introgasi', 'korek', 'keteranganya', 'dah', 'lgsg', 'door', 'saja', 'tuman', 'biadab', 'tidak', 'pnya', 'hati', 'dah', 'banyak', 'membunuh', 'korban', 'brimod', 'polisi', 'tni']","['introgasi', 'korek', 'keteranganya', 'dah', 'lgsg', 'door', 'saja', 'tuman', 'biadab', 'tidak', 'pnya', 'hati', 'dah', 'banyak', 'bunuh', 'korban', 'brimod', 'polisi', 'tni']"
151,151,masukin karung masukkan kelaut,"['masukin', 'karung', 'masukkan', 'kelaut']",<FreqDist with 4 samples and 4 outcomes>,"['masukin', 'karung', 'masukkan', 'kelaut']","['masukin', 'karung', 'masukkan', 'kelaut']","['masukin', 'karung', 'masuk', 'laut']"
152,152,bom trus,"['bom', 'trus']",<FreqDist with 2 samples and 2 outcomes>,"['bom', 'trus']","['bom', 'terus']","['bom', 'terus']"
153,153,hukum jangan sehukumnya langsung dor tewas tanam mereka beraksi sangat biadab lakukan juga mereka secara biadab antek antek pecundang dalam negara,"['hukum', 'jangan', 'sehukumnya', 'langsung', 'dor', 'tewas', 'tanam', 'mereka', 'beraksi', 'sangat', 'biadab', 'lakukan', 'juga', 'mereka', 'secara', 'biadab', 'antek', 'antek', 'pecundang', 'dalam', 'negara']",<FreqDist with 18 samples and 21 outcomes>,"['hukum', 'sehukumnya', 'langsung', 'dor', 'tewas', 'tanam', 'beraksi', 'biadab', 'lakukan', 'biadab', 'antek', 'antek', 'pecundang', 'negara']","['hukum', 'sehukumnya', 'langsung', 'dor', 'tewas', 'tanam', 'beraksi', 'biadab', 'lakukan', 'biadab', 'antek', 'antek', 'pecundang', 'negara']","['hukum', 'hukum', 'langsung', 'dor', 'tewas', 'tanam', 'aksi', 'biadab', 'laku', 'biadab', 'antek', 'antek', 'cundang', 'negara']"
154,154,bravo tnipolri lakbanya tolong jangan dbuka seumur hidupnya pak biar tidak bisa berulah tuh,"['bravo', 'tnipolri', 'lakbanya', 'tolong', 'jangan', 'dbuka', 'seumur', 'hidupnya', 'pak', 'biar', 'tidak', 'bisa', 'berulah', 'tuh']",<FreqDist with 14 samples and 14 outcomes>,"['bravo', 'tnipolri', 'lakbanya', 'tolong', 'dbuka', 'seumur', 'hidupnya', 'berulah']","['selamat', 'tnipolri', 'lakbanya', 'tolong', 'dbuka', 'seumur', 'hidupnya', 'berulah']","['selamat', 'tnipolri', 'lakbanya', 'tolong', 'dbuka', 'umur', 'hidup', 'ulah']"
155,155,mata di tutup pakai lakban guys bayangin saat lepas lakban rambut dan sak isi dalamnya pun trikut guys,"['mata', 'di', 'tutup', 'pakai', 'lakban', 'guys', 'bayangin', 'saat', 'lepas', 'lakban', 'rambut', 'dan', 'sak', 'isi', 'dalamnya', 'pun', 'trikut', 'guys']",<FreqDist with 16 samples and 18 outcomes>,"['mata', 'tutup', 'pakai', 'lakban', 'guys', 'bayangin', 'lepas', 'lakban', 'rambut', 'sak', 'isi', 'dalamnya', 'trikut', 'guys']","['mata', 'tutup', 'pakai', 'lakban', 'guys', 'bayangin', 'lepas', 'lakban', 'rambut', 'sak', 'isi', 'dalamnya', 'trikut', 'guys']","['mata', 'tutup', 'pakai', 'lakban', 'guys', 'bayangin', 'lepas', 'lakban', 'rambut', 'sak', 'isi', 'dalam', 'trikut', 'guys']"
156,156,angkut pakai pesawat terbang pas diatas ketinggian tinggal lempar kebawah nikmat rasanya bisa terjun,"['angkut', 'pakai', 'pesawat', 'terbang', 'pas', 'diatas', 'ketinggian', 'tinggal', 'lempar', 'kebawah', 'nikmat', 'rasanya', 'bisa', 'terjun']",<FreqDist with 14 samples and 14 outcomes>,"['angkut', 'pakai', 'pesawat', 'terbang', 'pas', 'diatas', 'ketinggian', 'tinggal', 'lempar', 'kebawah', 'nikmat', 'terjun']","['angkut', 'pakai', 'pesawat', 'terbang', 'pas', 'diatas', 'ketinggian', 'tinggal', 'lempar', 'kebawah', 'nikmat', 'terjun']","['angkut', 'pakai', 'pesawat', 'terbang', 'pas', 'atas', 'tinggi', 'tinggal', 'lempar', 'bawah', 'nikmat', 'terjun']"
157,157,wajahnya mirip klo aku jadi polisi pasti bingung,"['wajahnya', 'mirip', 'klo', 'aku', 'jadi', 'polisi', 'pasti', 'bingung']",<FreqDist with 8 samples and 8 outcomes>,"['wajahnya', 'polisi', 'bingung']","['wajahnya', 'polisi', 'bingung']","['wajah', 'polisi', 'bingung']"
158,158,ngapain ditangkep tinggal di dor aja trs ganti judul beritanya anggota kkb mencoba melawan petugas berakhir tewas,"['ngapain', 'ditangkep', 'tinggal', 'di', 'dor', 'aja', 'trs', 'ganti', 'judul', 'beritanya', 'anggota', 'kkb', 'mencoba', 'melawan', 'petugas', 'berakhir', 'tewas']",<FreqDist with 17 samples and 17 outcomes>,"['ngapain', 'ditangkep', 'tinggal', 'dor', 'aja', 'trs', 'ganti', 'judul', 'beritanya', 'anggota', 'kkb', 'mencoba', 'melawan', 'petugas', 'tewas']","['ngapain', 'ditangkep', 'tinggal', 'dor', 'saja', 'trs', 'ganti', 'judul', 'beritanya', 'anggota', 'kkb', 'mencoba', 'melawan', 'petugas', 'tewas']","['ngapain', 'ditangkep', 'tinggal', 'dor', 'saja', 'trs', 'ganti', 'judul', 'berita', 'anggota', 'kkb', 'coba', 'lawan', 'tugas', 'tewas']"
159,159,masukin karung di jadiin satu lalu lempar ke jurang biar tau rasa,"['masukin', 'karung', 'di', 'jadiin', 'satu', 'lalu', 'lempar', 'ke', 'jurang', 'biar', 'tau', 'rasa']",<FreqDist with 12 samples and 12 outcomes>,"['masukin', 'karung', 'jadiin', 'lempar', 'jurang']","['masukin', 'karung', 'jadiin', 'lempar', 'jurang']","['masukin', 'karung', 'jadiin', 'lempar', 'jurang']"
160,160,tapi hebat juga sama tni gk di bunuh andai tni yg tertangkap mungkindi siksa sebelum di bunuh,"['tapi', 'hebat', 'juga', 'sama', 'tni', 'gk', 'di', 'bunuh', 'andai', 'tni', 'yg', 'tertangkap', 'mungkindi', 'siksa', 'sebelum', 'di', 'bunuh']",<FreqDist with 14 samples and 17 outcomes>,"['hebat', 'tni', 'gk', 'bunuh', 'andai', 'tni', 'tertangkap', 'mungkindi', 'siksa', 'bunuh']","['hebat', 'tni', 'gk', 'bunuh', 'andai', 'tni', 'tertangkap', 'mungkindi', 'siksa', 'bunuh']","['hebat', 'tni', 'gk', 'bunuh', 'andai', 'tni', 'tangkap', 'mungkindi', 'siksa', 'bunuh']"
161,161,free west papua,"['free', 'west', 'papua']",<FreqDist with 3 samples and 3 outcomes>,"['free', 'west', 'papua']","['free', 'west', 'papua']","['free', 'west', 'papua']"
162,162,siksa aja di dalam selkirim kenusakambangan biar streskalo penjara jayapura masih adem aj hati mereka,"['siksa', 'aja', 'di', 'dalam', 'selkirim', 'kenusakambangan', 'biar', 'streskalo', 'penjara', 'jayapura', 'masih', 'adem', 'aj', 'hati', 'mereka']",<FreqDist with 15 samples and 15 outcomes>,"['siksa', 'aja', 'selkirim', 'kenusakambangan', 'streskalo', 'penjara', 'jayapura', 'adem', 'aj', 'hati']","['siksa', 'saja', 'selkirim', 'kenusakambangan', 'streskalo', 'penjara', 'jayapura', 'adem', 'aj', 'hati']","['siksa', 'saja', 'selkirim', 'nusakambangan', 'streskalo', 'penjara', 'jayapura', 'adem', 'aj', 'hati']"
163,163,bravoooo tni polri tumpaaas demi keamanan nkri majuuuu hhhh,"['bravoooo', 'tni', 'polri', 'tumpaaas', 'demi', 'keamanan', 'nkri', 'majuuuu', 'hhhh']",<FreqDist with 9 samples and 9 outcomes>,"['bravoooo', 'tni', 'polri', 'tumpaaas', 'keamanan', 'nkri', 'majuuuu', 'hhhh']","['bravoooo', 'tni', 'polri', 'tumpaaas', 'keamanan', 'nkri', 'majuuuu', 'hhhh']","['bravoooo', 'tni', 'polri', 'tumpaaas', 'aman', 'nkri', 'majuuuu', 'hhhh']"
164,164,tolong disiksa sampai mati itu yg namanya ham,"['tolong', 'disiksa', 'sampai', 'mati', 'itu', 'yg', 'namanya', 'ham']",<FreqDist with 8 samples and 8 outcomes>,"['tolong', 'disiksa', 'mati', 'namanya', 'ham']","['tolong', 'disiksa', 'mati', 'namanya', 'ham']","['tolong', 'siksa', 'mati', 'nama', 'ham']"
165,165,hukum mati penghianat bangsa ini agar papua semakin maju dn aman,"['hukum', 'mati', 'penghianat', 'bangsa', 'ini', 'agar', 'papua', 'semakin', 'maju', 'dn', 'aman']",<FreqDist with 11 samples and 11 outcomes>,"['hukum', 'mati', 'penghianat', 'bangsa', 'papua', 'maju', 'dn', 'aman']","['hukum', 'mati', 'penghianat', 'bangsa', 'papua', 'maju', 'dan', 'aman']","['hukum', 'mati', 'penghianat', 'bangsa', 'papua', 'maju', 'dan', 'aman']"
166,166,hutan ad luas malah cari makan dengan cara teroris,"['hutan', 'ad', 'luas', 'malah', 'cari', 'makan', 'dengan', 'cara', 'teroris']",<FreqDist with 9 samples and 9 outcomes>,"['hutan', 'ad', 'luas', 'cari', 'makan', 'teroris']","['hutan', 'ad', 'luas', 'cari', 'makan', 'teroris']","['hutan', 'ad', 'luas', 'cari', 'makan', 'teroris']"
167,167,siapa dalang disebalik pemberontak teroris kkb ini dan juga siapa yg mempersenjatai kkb ini harus dicari sampai tuntas,"['siapa', 'dalang', 'disebalik', 'pemberontak', 'teroris', 'kkb', 'ini', 'dan', 'juga', 'siapa', 'yg', 'mempersenjatai', 'kkb', 'ini', 'harus', 'dicari', 'sampai', 'tuntas']",<FreqDist with 15 samples and 18 outcomes>,"['dalang', 'disebalik', 'pemberontak', 'teroris', 'kkb', 'mempersenjatai', 'kkb', 'dicari', 'tuntas']","['dalang', 'disebalik', 'pemberontak', 'teroris', 'kkb', 'mempersenjatai', 'kkb', 'dicari', 'tuntas']","['dalang', 'balik', 'berontak', 'teroris', 'kkb', 'senjata', 'kkb', 'cari', 'tuntas']"
168,168,kalian terlalu takut membinasakan mereka tetapi kalian tega membunuh pelan rakyat kalian sendiri,"['kalian', 'terlalu', 'takut', 'membinasakan', 'mereka', 'tetapi', 'kalian', 'tega', 'membunuh', 'pelan', 'rakyat', 'kalian', 'sendiri']",<FreqDist with 11 samples and 13 outcomes>,"['takut', 'membinasakan', 'tega', 'membunuh', 'pelan', 'rakyat']","['takut', 'membinasakan', 'tega', 'membunuh', 'pelan', 'rakyat']","['takut', 'binasa', 'tega', 'bunuh', 'pelan', 'rakyat']"
169,169,tes buang di laut kalau bisa berenang,"['tes', 'buang', 'di', 'laut', 'kalau', 'bisa', 'berenang']",<FreqDist with 7 samples and 7 outcomes>,"['tes', 'buang', 'laut', 'berenang']","['tes', 'buang', 'laut', 'berenang']","['tes', 'buang', 'laut', 'renang']"
170,170,enak gak ditangakap untung lu gak mati mending yang nyerah dimpuni pemerintah dan dicarikan pekerjaan pula bahkan jadi tni,"['enak', 'gak', 'ditangakap', 'untung', 'lu', 'gak', 'mati', 'mending', 'yang', 'nyerah', 'dimpuni', 'pemerintah', 'dan', 'dicarikan', 'pekerjaan', 'pula', 'bahkan', 'jadi', 'tni']",<FreqDist with 18 samples and 19 outcomes>,"['enak', 'ditangakap', 'untung', 'lu', 'mati', 'mending', 'nyerah', 'dimpuni', 'pemerintah', 'dicarikan', 'pekerjaan', 'tni']","['enak', 'ditangakap', 'untung', 'lu', 'mati', 'mending', 'nyerah', 'dimpuni', 'pemerintah', 'dicarikan', 'pekerjaan', 'tni']","['enak', 'ditangakap', 'untung', 'lu', 'mati', 'mending', 'nyerah', 'dimpuni', 'perintah', 'cari', 'kerja', 'tni']"
171,171,masukin karung trs buang di laut,"['masukin', 'karung', 'trs', 'buang', 'di', 'laut']",<FreqDist with 6 samples and 6 outcomes>,"['masukin', 'karung', 'trs', 'buang', 'laut']","['masukin', 'karung', 'trs', 'buang', 'laut']","['masukin', 'karung', 'trs', 'buang', 'laut']"
172,172,kenapa pake ditangkap langsung aja tembak ditempat jadi gak repot mereka itu pengacau nk ri,"['kenapa', 'pake', 'ditangkap', 'langsung', 'aja', 'tembak', 'ditempat', 'jadi', 'gak', 'repot', 'mereka', 'itu', 'pengacau', 'nk', 'ri']",<FreqDist with 15 samples and 15 outcomes>,"['pake', 'ditangkap', 'langsung', 'aja', 'tembak', 'ditempat', 'repot', 'pengacau', 'nk', 'ri']","['pake', 'ditangkap', 'langsung', 'saja', 'tembak', 'ditempat', 'repot', 'pengacau', 'nk', 'ri']","['pake', 'tangkap', 'langsung', 'saja', 'tembak', 'tempat', 'repot', 'acau', 'nk', 'ri']"
173,173,ko ditangkap dibunuh aja udah ga penting gantung dialun alun atau dibakar,"['ko', 'ditangkap', 'dibunuh', 'aja', 'udah', 'ga', 'penting', 'gantung', 'dialun', 'alun', 'atau', 'dibakar']",<FreqDist with 12 samples and 12 outcomes>,"['ko', 'ditangkap', 'dibunuh', 'aja', 'udah', 'gantung', 'dialun', 'alun', 'dibakar']","['ko', 'ditangkap', 'dibunuh', 'saja', 'udah', 'gantung', 'dialun', 'alun', 'dibakar']","['ko', 'tangkap', 'bunuh', 'saja', 'udah', 'gantung', 'alun', 'alun', 'bakar']"
174,174,di bengket di bakarini lebih berat hukumnya dr maling motor,"['di', 'bengket', 'di', 'bakarini', 'lebih', 'berat', 'hukumnya', 'dr', 'maling', 'motor']",<FreqDist with 9 samples and 10 outcomes>,"['bengket', 'bakarini', 'berat', 'hukumnya', 'dr', 'maling', 'motor']","['bengket', 'bakarini', 'berat', 'hukumnya', 'dr', 'maling', 'motor']","['bengket', 'bakarini', 'berat', 'hukum', 'dr', 'maling', 'motor']"
175,175,gorokajalehernyalangsung trus buang mayatnya biardimakanhewan buasseprtimereka lakuin kepada korban yg mereka bunuh,"['gorokajalehernyalangsung', 'trus', 'buang', 'mayatnya', 'biardimakanhewan', 'buasseprtimereka', 'lakuin', 'kepada', 'korban', 'yg', 'mereka', 'bunuh']",<FreqDist with 12 samples and 12 outcomes>,"['gorokajalehernyalangsung', 'trus', 'buang', 'mayatnya', 'biardimakanhewan', 'buasseprtimereka', 'lakuin', 'korban', 'bunuh']","['gorokajalehernyalangsung', 'terus', 'buang', 'mayatnya', 'biardimakanhewan', 'buasseprtimereka', 'lakuin', 'korban', 'bunuh']","['gorokajalehernyalangsung', 'terus', 'buang', 'mayat', 'biardimakanhewan', 'buasseprtimereka', 'lakuin', 'korban', 'bunuh']"
176,176,ngga usah di ampuni manusia itu para prajurit tni dah byk yg gugur,"['ngga', 'usah', 'di', 'ampuni', 'manusia', 'itu', 'para', 'prajurit', 'tni', 'dah', 'byk', 'yg', 'gugur']",<FreqDist with 13 samples and 13 outcomes>,"['ngga', 'ampuni', 'manusia', 'prajurit', 'tni', 'dah', 'byk', 'gugur']","['ngga', 'ampuni', 'manusia', 'prajurit', 'tni', 'dah', 'byk', 'gugur']","['ngga', 'ampun', 'manusia', 'prajurit', 'tni', 'dah', 'byk', 'gugur']"
177,177,klo aku yg gregetan kya nya udah di dor di jln bilang aja mati beku tmbak,"['klo', 'aku', 'yg', 'gregetan', 'kya', 'nya', 'udah', 'di', 'dor', 'di', 'jln', 'bilang', 'aja', 'mati', 'beku', 'tmbak']",<FreqDist with 15 samples and 16 outcomes>,"['gregetan', 'kya', 'udah', 'dor', 'jln', 'aja', 'mati', 'beku', 'tmbak']","['gregetan', 'kya', 'udah', 'dor', 'jln', 'saja', 'mati', 'beku', 'tmbak']","['gregetan', 'kya', 'udah', 'dor', 'jln', 'saja', 'mati', 'beku', 'tmbak']"
178,178,digebuk sampai bengek seru nih,"['digebuk', 'sampai', 'bengek', 'seru', 'nih']",<FreqDist with 5 samples and 5 outcomes>,"['digebuk', 'bengek', 'seru']","['digebuk', 'bengek', 'seru']","['gebuk', 'bengek', 'seru']"
179,179,bentar juga di undang ke istana,"['bentar', 'juga', 'di', 'undang', 'ke', 'istana']",<FreqDist with 6 samples and 6 outcomes>,"['bentar', 'undang', 'istana']","['bentar', 'undang', 'istana']","['bentar', 'undang', 'istana']"
180,180,bikin abon atau bregedelkemudian buang ke empang buat santapan ikan lele,"['bikin', 'abon', 'atau', 'bregedelkemudian', 'buang', 'ke', 'empang', 'buat', 'santapan', 'ikan', 'lele']",<FreqDist with 11 samples and 11 outcomes>,"['abon', 'bregedelkemudian', 'buang', 'empang', 'santapan', 'ikan', 'lele']","['abon', 'bregedelkemudian', 'buang', 'empang', 'santapan', 'ikan', 'lele']","['abon', 'bregedelkemudian', 'buang', 'empang', 'santap', 'ikan', 'lele']"
181,181,kok msh mulus pak babat aja langsung,"['kok', 'msh', 'mulus', 'pak', 'babat', 'aja', 'langsung']",<FreqDist with 7 samples and 7 outcomes>,"['msh', 'mulus', 'babat', 'aja', 'langsung']","['msh', 'mulus', 'babat', 'saja', 'langsung']","['msh', 'mulus', 'babat', 'saja', 'langsung']"
182,182,yang mereka tahu mereka harus membunuh warga yg tidak bersalah,"['yang', 'mereka', 'tahu', 'mereka', 'harus', 'membunuh', 'warga', 'yg', 'tidak', 'bersalah']",<FreqDist with 9 samples and 10 outcomes>,"['membunuh', 'warga', 'bersalah']","['membunuh', 'warga', 'bersalah']","['bunuh', 'warga', 'salah']"
183,183,ada yg aneh dgn tribun news gk nyebut teroris,"['ada', 'yg', 'aneh', 'dgn', 'tribun', 'news', 'gk', 'nyebut', 'teroris']",<FreqDist with 9 samples and 9 outcomes>,"['aneh', 'tribun', 'news', 'gk', 'nyebut', 'teroris']","['aneh', 'tribun', 'news', 'gk', 'nyebut', 'teroris']","['aneh', 'tribun', 'news', 'gk', 'nyebut', 'teroris']"
184,184,hukum mati bagi yang ingin berhianat kepada repoblik indonesia kita hidup nkri,"['hukum', 'mati', 'bagi', 'yang', 'ingin', 'berhianat', 'kepada', 'repoblik', 'indonesia', 'kita', 'hidup', 'nkri']",<FreqDist with 12 samples and 12 outcomes>,"['hukum', 'mati', 'berhianat', 'repoblik', 'indonesia', 'hidup', 'nkri']","['hukum', 'mati', 'berhianat', 'repoblik', 'indonesia', 'hidup', 'nkri']","['hukum', 'mati', 'berhianat', 'repoblik', 'indonesia', 'hidup', 'nkri']"
185,185,jls tnpa tanda tanyarakyt mendukung musampe ttk darah penghabisanmju trus,"['jls', 'tnpa', 'tanda', 'tanyarakyt', 'mendukung', 'musampe', 'ttk', 'darah', 'penghabisanmju', 'trus']",<FreqDist with 10 samples and 10 outcomes>,"['jls', 'tnpa', 'tanda', 'tanyarakyt', 'mendukung', 'musampe', 'ttk', 'darah', 'penghabisanmju', 'trus']","['jls', 'tnpa', 'tanda', 'tanyarakyt', 'mendukung', 'musampe', 'ttk', 'darah', 'penghabisanmju', 'terus']","['jls', 'tnpa', 'tanda', 'tanyarakyt', 'dukung', 'musampe', 'ttk', 'darah', 'penghabisanmju', 'terus']"
186,186,kenapa label teroris mereka tidak disematkan lagi susah kalau media sudah berpihak,"['kenapa', 'label', 'teroris', 'mereka', 'tidak', 'disematkan', 'lagi', 'susah', 'kalau', 'media', 'sudah', 'berpihak']",<FreqDist with 12 samples and 12 outcomes>,"['label', 'teroris', 'disematkan', 'susah', 'media', 'berpihak']","['label', 'teroris', 'disematkan', 'susah', 'media', 'berpihak']","['label', 'teroris', 'semat', 'susah', 'media', 'pihak']"
187,187,masukin kandang macan saja,"['masukin', 'kandang', 'macan', 'saja']",<FreqDist with 4 samples and 4 outcomes>,"['masukin', 'kandang', 'macan']","['masukin', 'kandang', 'macan']","['masukin', 'kandang', 'macan']"
188,188,alhamdulillah,['alhamdulillah'],<FreqDist with 1 samples and 1 outcomes>,['alhamdulillah'],['alhamdulillah'],['alhamdulillah']
189,189,polisi indo lucu ya jalan salah tangkap orang yara,"['polisi', 'indo', 'lucu', 'ya', 'jalan', 'salah', 'tangkap', 'orang', 'yara']",<FreqDist with 9 samples and 9 outcomes>,"['polisi', 'indo', 'lucu', 'jalan', 'salah', 'tangkap', 'orang', 'yara']","['polisi', 'indo', 'lucu', 'jalan', 'salah', 'tangkap', 'orang', 'yara']","['polisi', 'indo', 'lucu', 'jalan', 'salah', 'tangkap', 'orang', 'yara']"
190,190,setan brupa mnusia sok jgoan dikira hebat mmbunuh org yg gk slh mg dpt imblan yg stimpal,"['setan', 'brupa', 'mnusia', 'sok', 'jgoan', 'dikira', 'hebat', 'mmbunuh', 'org', 'yg', 'gk', 'slh', 'mg', 'dpt', 'imblan', 'yg', 'stimpal']",<FreqDist with 16 samples and 17 outcomes>,"['setan', 'brupa', 'mnusia', 'sok', 'jgoan', 'hebat', 'mmbunuh', 'org', 'gk', 'slh', 'mg', 'dpt', 'imblan', 'stimpal']","['setan', 'brupa', 'mnusia', 'sok', 'jgoan', 'hebat', 'mmbunuh', 'org', 'gk', 'slh', 'mg', 'dpt', 'imblan', 'stimpal']","['setan', 'brupa', 'mnusia', 'sok', 'jgoan', 'hebat', 'mmbunuh', 'org', 'gk', 'slh', 'mg', 'dpt', 'imblan', 'stimpal']"
191,191,bravo tnipolri kpn yah muka dan tangan harun masiku seperti itu,"['bravo', 'tnipolri', 'kpn', 'yah', 'muka', 'dan', 'tangan', 'harun', 'masiku', 'seperti', 'itu']",<FreqDist with 11 samples and 11 outcomes>,"['bravo', 'tnipolri', 'kpn', 'muka', 'tangan', 'harun', 'masiku']","['selamat', 'tnipolri', 'kpn', 'muka', 'tangan', 'harun', 'masiku']","['selamat', 'tnipolri', 'kpn', 'muka', 'tangan', 'harun', 'mas']"
192,192,ketangkep,['ketangkep'],<FreqDist with 1 samples and 1 outcomes>,['ketangkep'],['ketangkep'],['ketangkep']
193,193,selalu bela yg benar,"['selalu', 'bela', 'yg', 'benar']",<FreqDist with 4 samples and 4 outcomes>,['bela'],['bela'],['bela']
194,194,semua rakyat indonesia harus bersatu kompak harus nkri harga mati nkri harga diri,"['semua', 'rakyat', 'indonesia', 'harus', 'bersatu', 'kompak', 'harus', 'nkri', 'harga', 'mati', 'nkri', 'harga', 'diri']",<FreqDist with 10 samples and 13 outcomes>,"['rakyat', 'indonesia', 'bersatu', 'kompak', 'nkri', 'harga', 'mati', 'nkri', 'harga']","['rakyat', 'indonesia', 'bersatu', 'kompak', 'nkri', 'harga', 'mati', 'nkri', 'harga']","['rakyat', 'indonesia', 'satu', 'kompak', 'nkri', 'harga', 'mati', 'nkri', 'harga']"
195,195,lah ngapain dibawa gitu tinggal di musnahkan aja udah selesai,"['lah', 'ngapain', 'dibawa', 'gitu', 'tinggal', 'di', 'musnahkan', 'aja', 'udah', 'selesai']",<FreqDist with 10 samples and 10 outcomes>,"['ngapain', 'dibawa', 'gitu', 'tinggal', 'musnahkan', 'aja', 'udah', 'selesai']","['ngapain', 'dibawa', 'gitu', 'tinggal', 'musnahkan', 'saja', 'udah', 'selesai']","['ngapain', 'bawa', 'gitu', 'tinggal', 'musnah', 'saja', 'udah', 'selesai']"
196,196,di panggang di bara api cocok itu,"['di', 'panggang', 'di', 'bara', 'api', 'cocok', 'itu']",<FreqDist with 6 samples and 7 outcomes>,"['panggang', 'bara', 'api', 'cocok']","['panggang', 'bara', 'api', 'cocok']","['panggang', 'bara', 'api', 'cocok']"
197,197,tembak aja pakjgn biarkan mereka hidup,"['tembak', 'aja', 'pakjgn', 'biarkan', 'mereka', 'hidup']",<FreqDist with 6 samples and 6 outcomes>,"['tembak', 'aja', 'pakjgn', 'biarkan', 'hidup']","['tembak', 'saja', 'pakjgn', 'biarkan', 'hidup']","['tembak', 'saja', 'pakjgn', 'biar', 'hidup']"
198,198,ntaps,['ntaps'],<FreqDist with 1 samples and 1 outcomes>,['ntaps'],['ntaps'],['ntaps']
199,199,kok malah ditangkap ya padahal teroris dengan kejinya membunuh masyarakat setempat juga aparat,"['kok', 'malah', 'ditangkap', 'ya', 'padahal', 'teroris', 'dengan', 'kejinya', 'membunuh', 'masyarakat', 'setempat', 'juga', 'aparat']",<FreqDist with 13 samples and 13 outcomes>,"['ditangkap', 'teroris', 'kejinya', 'membunuh', 'masyarakat', 'aparat']","['ditangkap', 'teroris', 'kejinya', 'membunuh', 'masyarakat', 'aparat']","['tangkap', 'teroris', 'keji', 'bunuh', 'masyarakat', 'aparat']"
200,200,ini baru virus negara bukan cuman covid aja yg beritakan aman kan kta juga itu virus,"['ini', 'baru', 'virus', 'negara', 'bukan', 'cuman', 'covid', 'aja', 'yg', 'beritakan', 'aman', 'kan', 'kta', 'juga', 'itu', 'virus']",<FreqDist with 15 samples and 16 outcomes>,"['virus', 'negara', 'cuman', 'covid', 'aja', 'beritakan', 'aman', 'kta', 'virus']","['virus', 'negara', 'cuman', 'covid', 'saja', 'beritakan', 'aman', 'kta', 'virus']","['virus', 'negara', 'cuman', 'covid', 'saja', 'berita', 'aman', 'kta', 'virus']"
201,201,antap bp tentara maju terus pantang mundur,"['antap', 'bp', 'tentara', 'maju', 'terus', 'pantang', 'mundur']",<FreqDist with 7 samples and 7 outcomes>,"['antap', 'bp', 'tentara', 'maju', 'pantang', 'mundur']","['antap', 'bp', 'tentara', 'maju', 'pantang', 'mundur']","['antap', 'bp', 'tentara', 'maju', 'pantang', 'mundur']"
202,202,kkb ngga usah ditangkaplangsung di door dan mammppuuuss,"['kkb', 'ngga', 'usah', 'ditangkaplangsung', 'di', 'door', 'dan', 'mammppuuuss']",<FreqDist with 8 samples and 8 outcomes>,"['kkb', 'ngga', 'ditangkaplangsung', 'door', 'mammppuuuss']","['kkb', 'ngga', 'ditangkaplangsung', 'door', 'mammppuuuss']","['kkb', 'ngga', 'ditangkaplangsung', 'door', 'mammppuuuss']"
203,203,mereka itu saudara kita mereka cuma di jadikan alat oleh oknum yg ingin memecah belah negara indonesia,"['mereka', 'itu', 'saudara', 'kita', 'mereka', 'cuma', 'di', 'jadikan', 'alat', 'oleh', 'oknum', 'yg', 'ingin', 'memecah', 'belah', 'negara', 'indonesia']",<FreqDist with 16 samples and 17 outcomes>,"['saudara', 'jadikan', 'alat', 'oknum', 'memecah', 'belah', 'negara', 'indonesia']","['saudara', 'jadikan', 'alat', 'oknum', 'memecah', 'belah', 'negara', 'indonesia']","['saudara', 'jadi', 'alat', 'oknum', 'pecah', 'belah', 'negara', 'indonesia']"
204,204,stop penangkapan anggota kkb langsung tembak di tempat biar ga ngabisin uang negara,"['stop', 'penangkapan', 'anggota', 'kkb', 'langsung', 'tembak', 'di', 'tempat', 'biar', 'ga', 'ngabisin', 'uang', 'negara']",<FreqDist with 13 samples and 13 outcomes>,"['stop', 'penangkapan', 'anggota', 'kkb', 'langsung', 'tembak', 'ngabisin', 'uang', 'negara']","['stop', 'penangkapan', 'anggota', 'kkb', 'langsung', 'tembak', 'ngabisin', 'uang', 'negara']","['stop', 'tangkap', 'anggota', 'kkb', 'langsung', 'tembak', 'ngabisin', 'uang', 'negara']"
205,205,itu yg paling kiri ingusan ya,"['itu', 'yg', 'paling', 'kiri', 'ingusan', 'ya']",<FreqDist with 6 samples and 6 outcomes>,"['kiri', 'ingusan']","['kiri', 'ingusan']","['kiri', 'ingus']"
206,206,tembak mati aja sudah terlalu banyak kasus yg mereka perbuat,"['tembak', 'mati', 'aja', 'sudah', 'terlalu', 'banyak', 'kasus', 'yg', 'mereka', 'perbuat']",<FreqDist with 10 samples and 10 outcomes>,"['tembak', 'mati', 'aja', 'perbuat']","['tembak', 'mati', 'saja', 'perbuat']","['tembak', 'mati', 'saja', 'buat']"
207,207,sudah di lobangi tidak minimal batok dengkul kaki,"['sudah', 'di', 'lobangi', 'tidak', 'minimal', 'batok', 'dengkul', 'kaki']",<FreqDist with 8 samples and 8 outcomes>,"['lobangi', 'minimal', 'batok', 'dengkul', 'kaki']","['lobangi', 'minimal', 'batok', 'dengkul', 'kaki']","['lobangi', 'minimal', 'batok', 'dengkul', 'kaki']"
208,208,di penjara seumur hidup,"['di', 'penjara', 'seumur', 'hidup']",<FreqDist with 4 samples and 4 outcomes>,"['penjara', 'seumur', 'hidup']","['penjara', 'seumur', 'hidup']","['penjara', 'umur', 'hidup']"
209,209,gantung di lapangan sepak bola biar pada lihat,"['gantung', 'di', 'lapangan', 'sepak', 'bola', 'biar', 'pada', 'lihat']",<FreqDist with 8 samples and 8 outcomes>,"['gantung', 'lapangan', 'sepak', 'bola', 'lihat']","['gantung', 'lapangan', 'sepak', 'bola', 'lihat']","['gantung', 'lapang', 'sepak', 'bola', 'lihat']"
210,210,belagu gaya rambo giliran kena tangkap belagu bodo,"['belagu', 'gaya', 'rambo', 'giliran', 'kena', 'tangkap', 'belagu', 'bodo']",<FreqDist with 7 samples and 8 outcomes>,"['belagu', 'gaya', 'rambo', 'giliran', 'kena', 'tangkap', 'belagu', 'bodo']","['belagu', 'gaya', 'rambo', 'giliran', 'kena', 'tangkap', 'belagu', 'bodo']","['belagu', 'gaya', 'rambo', 'gilir', 'kena', 'tangkap', 'belagu', 'bodo']"
211,211,bunuh ditempat jika ada anggota dpr yg masi membeli mengatakan ham bermakna dialah kudeta pemberontak sebenarnya,"['bunuh', 'ditempat', 'jika', 'ada', 'anggota', 'dpr', 'yg', 'masi', 'membeli', 'mengatakan', 'ham', 'bermakna', 'dialah', 'kudeta', 'pemberontak', 'sebenarnya']",<FreqDist with 16 samples and 16 outcomes>,"['bunuh', 'ditempat', 'anggota', 'dpr', 'masi', 'membeli', 'ham', 'bermakna', 'kudeta', 'pemberontak']","['bunuh', 'ditempat', 'anggota', 'dpr', 'masi', 'membeli', 'ham', 'bermakna', 'kudeta', 'pemberontak']","['bunuh', 'tempat', 'anggota', 'dpr', 'mas', 'beli', 'ham', 'makna', 'kudeta', 'berontak']"
212,212,semogakapoldapapuaharusmencariygterbaikamanadanketegasandanpenuhsemagatygtinggisupayapapualebihaman,['semogakapoldapapuaharusmencariygterbaikamanadanketegasandanpenuhsemagatygtinggisupayapapualebihaman'],<FreqDist with 1 samples and 1 outcomes>,['semogakapoldapapuaharusmencariygterbaikamanadanketegasandanpenuhsemagatygtinggisupayapapualebihaman'],['semogakapoldapapuaharusmencariygterbaikamanadanketegasandanpenuhsemagatygtinggisupayapapualebihaman'],['semogakapoldapapuaharusmencariygterbaikamanadanketegasandanpenuhsemagatygtinggisupayapapualebihaman']
213,213,ham ham ham bosen gw denger nya kasian para korban kkb ini terutama tni dan polri,"['ham', 'ham', 'ham', 'bosen', 'gw', 'denger', 'nya', 'kasian', 'para', 'korban', 'kkb', 'ini', 'terutama', 'tni', 'dan', 'polri']",<FreqDist with 14 samples and 16 outcomes>,"['ham', 'ham', 'ham', 'bosen', 'gw', 'denger', 'kasian', 'korban', 'kkb', 'tni', 'polri']","['ham', 'ham', 'ham', 'bosen', 'gw', 'denger', 'kasian', 'korban', 'kkb', 'tni', 'polri']","['ham', 'ham', 'ham', 'bosen', 'gw', 'denger', 'kasi', 'korban', 'kkb', 'tni', 'polri']"
214,214,tembak tempel aja biar bisa di beri lokasi persembunyian nya,"['tembak', 'tempel', 'aja', 'biar', 'bisa', 'di', 'beri', 'lokasi', 'persembunyian', 'nya']",<FreqDist with 10 samples and 10 outcomes>,"['tembak', 'tempel', 'aja', 'lokasi', 'persembunyian']","['tembak', 'tempel', 'saja', 'lokasi', 'persembunyian']","['tembak', 'tempel', 'saja', 'lokasi', 'sembunyi']"
215,215,kafir di dor hallal toyib penting berpahala,"['kafir', 'di', 'dor', 'hallal', 'toyib', 'penting', 'berpahala']",<FreqDist with 7 samples and 7 outcomes>,"['kafir', 'dor', 'hallal', 'toyib', 'berpahala']","['kafir', 'dor', 'hallal', 'toyib', 'berpahala']","['kafir', 'dor', 'hallal', 'toyib', 'pahala']"
216,216,di cincang kasih makan babi,"['di', 'cincang', 'kasih', 'makan', 'babi']",<FreqDist with 5 samples and 5 outcomes>,"['cincang', 'kasih', 'makan', 'babi']","['cincang', 'kasih', 'makan', 'babi']","['cincang', 'kasih', 'makan', 'babi']"
217,217,walaupun bukan termasuk dpo tetap jgn di lepas kirim trus di nusakambangan biar dia tau betapa kejam nya penjra,"['walaupun', 'bukan', 'termasuk', 'dpo', 'tetap', 'jgn', 'di', 'lepas', 'kirim', 'trus', 'di', 'nusakambangan', 'biar', 'dia', 'tau', 'betapa', 'kejam', 'nya', 'penjra']",<FreqDist with 18 samples and 19 outcomes>,"['dpo', 'lepas', 'kirim', 'trus', 'nusakambangan', 'betapa', 'kejam', 'penjra']","['dpo', 'lepas', 'kirim', 'terus', 'nusakambangan', 'betapa', 'kejam', 'penjra']","['dpo', 'lepas', 'kirim', 'terus', 'nusakambangan', 'betapa', 'kejam', 'penjra']"
218,218,semoga mereka yang telah ditangkap segera menyadari kesalahan mereka yang belum tertangkap semoga mulai melakukan aspirasi dengan cara yang benar tuhan memberkati,"['semoga', 'mereka', 'yang', 'telah', 'ditangkap', 'segera', 'menyadari', 'kesalahan', 'mereka', 'yang', 'belum', 'tertangkap', 'semoga', 'mulai', 'melakukan', 'aspirasi', 'dengan', 'cara', 'yang', 'benar', 'tuhan', 'memberkati']",<FreqDist with 18 samples and 22 outcomes>,"['semoga', 'ditangkap', 'menyadari', 'kesalahan', 'tertangkap', 'semoga', 'aspirasi', 'tuhan', 'memberkati']","['semoga', 'ditangkap', 'menyadari', 'kesalahan', 'tertangkap', 'semoga', 'aspirasi', 'tuhan', 'memberkati']","['moga', 'tangkap', 'sadar', 'salah', 'tangkap', 'moga', 'aspirasi', 'tuhan', 'kati']"
219,219,itu iket jadi aja terus ditengah kasih bom terus cemplungin lubang langsung pendem trus ledakin deh tar dagingnya biar ga berserakan trus dagingnya kasih makan ke babi,"['itu', 'iket', 'jadi', 'aja', 'terus', 'ditengah', 'kasih', 'bom', 'terus', 'cemplungin', 'lubang', 'langsung', 'pendem', 'trus', 'ledakin', 'deh', 'tar', 'dagingnya', 'biar', 'ga', 'berserakan', 'trus', 'dagingnya', 'kasih', 'makan', 'ke', 'babi']",<FreqDist with 23 samples and 27 outcomes>,"['iket', 'aja', 'ditengah', 'kasih', 'bom', 'cemplungin', 'lubang', 'langsung', 'pendem', 'trus', 'ledakin', 'deh', 'tar', 'dagingnya', 'berserakan', 'trus', 'dagingnya', 'kasih', 'makan', 'babi']","['iket', 'saja', 'ditengah', 'kasih', 'bom', 'cemplungin', 'lubang', 'langsung', 'pendem', 'terus', 'ledakin', 'deh', 'tar', 'dagingnya', 'berserakan', 'terus', 'dagingnya', 'kasih', 'makan', 'babi']","['iket', 'saja', 'tengah', 'kasih', 'bom', 'cemplungin', 'lubang', 'langsung', 'pendem', 'terus', 'ledakin', 'deh', 'tar', 'daging', 'sera', 'terus', 'daging', 'kasih', 'makan', 'babi']"
